{"ppb_form_data_order":["1510548516817,1510548682420,1510549013913,1510548778143,1510549031767,1510549158827,1510549088885"],"1510548516817_data":["{\"id\":\"1510548516817\",\"shortcode\":\"ppb_revslider\",\"ppb_revslider_title\":\"Slider\",\"ppb_revslider_slug\":\"\",\"ppb_revslider_slider_id\":\"home9-slider\",\"ppb_revslider_display\":\"normal\"}"],"1510548516817_size":["one"],"1510548682420_data":["{\"id\":\"1510548682420\",\"shortcode\":\"ppb_gallery_masonry\",\"ppb_gallery_masonry_title\":\"Gallery%20Masonry\",\"ppb_gallery_masonry_slug\":\"\",\"ppb_gallery_masonry_gallery_id\":\"373\",\"ppb_gallery_masonry_layout\":\"wide\",\"ppb_gallery_masonry_columns\":\"4\",\"ppb_gallery_masonry_items\":\"0\"}"],"1510548682420_size":["one"],"1510549013913_data":["{\"id\":1510549013913,\"shortcode\":\"ppb_divider\",\"ppb_text_title\":\"Paragraph Break\",\"ppb_text_content\":\"\",\"ppb_header_content\":\"\"}"],"1510549013913_size":["one"],"1510548778143_data":["{\"id\":\"1510548778143\",\"shortcode\":\"ppb_image_half_fullwidth\",\"ppb_image_half_fullwidth_title\":\"About%20Me\",\"ppb_image_half_fullwidth_slug\":\"\",\"ppb_image_half_fullwidth_subtitle\":\"\",\"ppb_image_half_fullwidth_image\":\"http:\/\/themes.themegoods.com\/photography\/demo4\/wp-content\/uploads\/2017\/11\/nicholas-kwok-225380.jpg\",\"ppb_image_half_fullwidth_height\":\"600\",\"ppb_image_half_fullwidth_align\":\"right\",\"ppb_image_half_fullwidth_padding\":\"90\",\"ppb_image_half_fullwidth_bgcolor\":\"\",\"ppb_image_half_fullwidth_fontcolor\":\"\",\"ppb_image_half_fullwidth_custom_css\":\"\",\"ppb_image_half_fullwidth_content\":\"%3Ch4%3EI%E2%80%99m%20a%20graphic%20designer%20and%20I%20make%20things%20work.%20I%20move%20from%20digital%20to%20physical,%20from%20bits%20to%20atoms,%20and%20back%20again%20because%20I%20believe%20in%20doing%20%3Cspan%20style=%22color:#9013FE;%22%3Ea%20diverse%20range%20of%20work.%3C\/span%3E%20In%20both%20cases,%20the%20stranded%20whales%20to%20which%20these%20two%20skeletons%20belonged,%20were%20originally%20claimed%20by%20their%20proprietors%20upon%20similar%20grounds.%3C\/h4%3E%0A%0A%3Cdiv%20style=%22margin-top:40px%22%3E%0A%3Cimg%20src=%22http:\/\/themes.themegoods.com\/photography\/demo4\/wp-content\/uploads\/2017\/10\/signature.png%22%20alt=%22%22%20width=%22269%22%20height=%2228%22%20class=%22alignnone%20size-full%20wp-image-344%22%20\/%3E%0A%3C\/div%3E\"}"],"1510548778143_size":["one"],"1510549031767_data":["{\"id\":\"1510549031767\",\"shortcode\":\"ppb_image_parallax\",\"ppb_image_parallax_title\":\"Parallax%20Image\",\"ppb_image_parallax_slug\":\"\",\"ppb_image_parallax_image\":\"http:\/\/themes.themegoods.com\/photography\/demo4\/wp-content\/uploads\/2017\/11\/frederic-koberl-295364.jpg\",\"ppb_image_parallax_height\":\"700\",\"ppb_image_parallax_display_gradient\":\"0\",\"ppb_image_parallax_custom_css\":\"\"}"],"1510549031767_size":["one"],"1510549158827_data":["{\"id\":1510549013913,\"shortcode\":\"ppb_divider\",\"ppb_text_title\":\"Paragraph Break\",\"ppb_text_content\":\"\",\"ppb_header_content\":\"\"}"],"1510549158827_size":["one"],"1510549088885_data":["{\"id\":\"1510549088885\",\"shortcode\":\"ppb_contact_sidebar\",\"ppb_contact_sidebar_title\":\"Contact\",\"ppb_contact_sidebar_slug\":\"\",\"ppb_contact_sidebar_subtitle\":\"\",\"ppb_contact_sidebar_sidebar\":\"Contact%20Sidebar\",\"ppb_contact_sidebar_sidebar_layout\":\"left\",\"ppb_contact_sidebar_padding\":\"40\",\"ppb_contact_sidebar_custom_css\":\"\",\"ppb_contact_sidebar_content\":\"Meh%20synth%20Schlitz,%20tempor%20duis%20single-origin%20coffee%20ea%20next%20level%20ethnic%20fingerstache%20fanny%20pack%20nostrud.%20Photo%20booth%20anim%208-bit%20hella,%20PBR%203%20wolf%20moon%20beard%20Helvetica.\"}"],"1510549088885_size":["one"]}