{"ppb_form_data_order":["1510202265823,1510202375714,1510202495653,1510204698532"],"1510202265823_data":["{\"id\":\"1510202265823\",\"shortcode\":\"ppb_image_fullwidth\",\"ppb_image_fullwidth_title\":\"Cover%20Image\",\"ppb_image_fullwidth_slug\":\"\",\"ppb_image_fullwidth_image\":\"http:\/\/themes.themegoods.com\/photography\/demo4\/wp-content\/uploads\/2017\/11\/camera-photographer-inspiration-journey-style-P3TPN9C.jpg\",\"ppb_image_fullwidth_height\":\"700\",\"ppb_image_fullwidth_background_position\":\"center\",\"ppb_image_fullwidth_display_caption\":\"0\",\"ppb_image_fullwidth_display_gradient\":\"0\",\"ppb_image_fullwidth_padding\":\"0\",\"ppb_image_fullwidth_custom_css\":\"\"}"],"1510202265823_size":["one"],"1510202375714_data":["{\"id\":\"1510202375714\",\"shortcode\":\"ppb_text\",\"ppb_text_title\":\"Quote\",\"ppb_text_slug\":\"\",\"ppb_text_width\":\"80%25\",\"ppb_text_padding\":\"60\",\"ppb_text_bgcolor\":\"\",\"ppb_text_fontcolor\":\"\",\"ppb_text_custom_css\":\"padding-bottom:0%20!important;\",\"ppb_text_content\":\"%3Ch2%3EPhotography%20for%20me%20is%20not%20looking,%20it%E2%80%99s%20feeling.%20If%20you%20can%E2%80%99t%20feel%20what%20you%E2%80%99re%20looking%20at,%20then%20you%E2%80%99re%20never%20going%20to%20get%20others%20to%20feel%20anything%20when%20they%20look%20at%20your%20pictures.%3C\/h2%3E\"}"],"1510202375714_size":["one"],"1510202495653_data":["{\"id\":\"1510202495653\",\"shortcode\":\"ppb_text\",\"ppb_text_title\":\"What%20We%20Do\",\"ppb_text_slug\":\"\",\"ppb_text_width\":\"80%25\",\"ppb_text_padding\":\"60\",\"ppb_text_bgcolor\":\"\",\"ppb_text_fontcolor\":\"\",\"ppb_text_custom_css\":\"padding-top:%200%20!important;\",\"ppb_text_content\":\"%3Cspan%20style=%22text-transform:uppercase;font-size:13px;%22%3EWhat%20I%20do%3C\/span%3E%0A%0A%3Cdiv%20style=%22margin-top:20px;%22%3E%0A%5Bone_half%5D%0A%3Cstrong%3EGraphic%20Design%3C\/strong%3E%0A%3Cstrong%3ESocial%20Marketing%3C\/strong%3E%0A%3Cstrong%3EVideo%20Editing%3C\/strong%3E%0A%3Cstrong%3EPhotography%20Shooting%3C\/strong%3E%0A%5B\/one_half%5D%0A%5Bone_half_last%5D%0A%3Cstrong%3EWeb%20Development%3C\/strong%3E%0A%3Cstrong%3EAudio%20Engineering%3C\/strong%3E%0A%3Cstrong%3EBranding%3C\/strong%3E%0A%3Cstrong%3ESEO%20Audits%3C\/strong%3E%0A%5B\/one_half_last%5D%0A%3C\/div%3E\"}"],"1510202495653_size":["one"],"1510204698532_data":["{\"id\":\"1510204698532\",\"shortcode\":\"ppb_image_half_fixed_width\",\"ppb_image_half_fixed_width_title\":\"Signature\",\"ppb_image_half_fixed_width_slug\":\"\",\"ppb_image_half_fixed_width_image\":\"http:\/\/themes.themegoods.com\/photography\/demo4\/wp-content\/uploads\/2017\/11\/nicholas-kwok-225380.jpg\",\"ppb_image_half_fixed_width_align\":\"right\",\"ppb_image_half_fixed_width_padding\":\"0\",\"ppb_image_half_fixed_width_bgcolor\":\"\",\"ppb_image_half_fixed_width_fontcolor\":\"\",\"ppb_image_half_fixed_width_lightbox\":\"0\",\"ppb_image_half_fixed_width_custom_css\":\"\",\"ppb_image_half_fixed_width_content\":\"%3Cdiv%20style=%22margin-top:200px%22%3E%0A%3Cimg%20src=%22http:\/\/themes.themegoods.com\/photography\/demo4\/wp-content\/uploads\/2017\/11\/signature.png%22%20alt=%22%22%20width=%22269%22%20height=%2228%22%20class=%22alignnone%20size-full%20wp-image-344%22%20\/%3E%0A%3C\/div%3E\"}"],"1510204698532_size":["one"]}