{"ppb_form_data_order":["1510209047619,1510211772562,1510211861832,1510211906197,1510211994016,1510212073240,1510212517132,1510213249509,1510213303764"],"1510209047619_data":["{\"id\":\"1510209047619\",\"shortcode\":\"ppb_header_image\",\"ppb_header_image_title\":\"We%20Capture%20Moment\",\"ppb_header_image_slug\":\"\",\"ppb_header_image_subtitle\":\"\",\"ppb_header_image_width\":\"60%25\",\"ppb_header_image_textalign\":\"left\",\"ppb_header_image_background\":\"http:\/\/themes.themegoods.com\/photography\/demo4\/wp-content\/uploads\/2017\/11\/man-busy-photographer-editing-home-office-concept-PJNFNZK.jpg\",\"ppb_header_image_background_position\":\"center\",\"ppb_header_image_padding\":\"300\",\"ppb_header_image_fontcolor\":\"#ffffff\",\"ppb_header_image_display_gradient\":\"0\",\"ppb_header_image_custom_css\":\"\",\"ppb_header_image_content\":\"\"}"],"1510209047619_size":["one"],"1510211772562_data":["{\"id\":\"1510211772562\",\"shortcode\":\"ppb_text\",\"ppb_text_title\":\"Quote\",\"ppb_text_slug\":\"\",\"ppb_text_width\":\"60%25\",\"ppb_text_padding\":\"60\",\"ppb_text_bgcolor\":\"\",\"ppb_text_fontcolor\":\"\",\"ppb_text_custom_css\":\"text-align:center;\",\"ppb_text_content\":\"%3Ch2%3EThe%20best%20images%20are%20the%20ones%20that%20retain%20their%20strength%20and%20impact%20over%20the%20years,%20regardless%20of%20the%20number%20of%20times%20they%20are%20viewed.%3C\/h2%3E\"}"],"1510211772562_size":["one"],"1510211861832_data":["{\"id\":\"1510211861832\",\"shortcode\":\"ppb_text\",\"ppb_text_title\":\"Our%20Services\",\"ppb_text_slug\":\"\",\"ppb_text_width\":\"100%25\",\"ppb_text_padding\":\"60\",\"ppb_text_bgcolor\":\"\",\"ppb_text_fontcolor\":\"\",\"ppb_text_custom_css\":\"\",\"ppb_text_content\":\"%3Cspan%20style=%22text-transform:uppercase;font-size:13px;%22%3EOur%20Services%3C\/span%3E%0A%0A%3Cdiv%20style=%22margin-top:10px;%22%3E%0AOur%20approach%20to%20branding%20is%20always%20the%20same,%20in%20that%20it%E2%80%99s%20never%20the%20same.%20We%20start%20by%20listening%20and%20let%20that%20shape%20our%20design%20process,%20with%20our%20clients%20as%20partners%20every%20step%20of%20the%20way.%0A%3C\/div%3E%0A%0A%3Cdiv%20style=%22margin-top:20px;%22%3E%0A%5Bone_half%5D%0A%3Cstrong%3EGraphic%20Design%3C\/strong%3E%0A%3Cstrong%3ESocial%20Marketing%3C\/strong%3E%0A%3Cstrong%3EVideo%20Editing%3C\/strong%3E%0A%3Cstrong%3EPhotography%20Shooting%3C\/strong%3E%0A%5B\/one_half%5D%0A%5Bone_half_last%5D%0A%3Cstrong%3EWeb%20Development%3C\/strong%3E%0A%3Cstrong%3EAudio%20Engineering%3C\/strong%3E%0A%3Cstrong%3EBranding%3C\/strong%3E%0A%3Cstrong%3ESEO%20Audits%3C\/strong%3E%0A%5B\/one_half_last%5D%0A%3C\/div%3E\"}"],"1510211861832_size":["two_third"],"1510211906197_data":["{\"id\":\"1510211906197\",\"shortcode\":\"ppb_header\",\"ppb_header_title\":\"What%20We%20Can%20Do\",\"ppb_header_slug\":\"\",\"ppb_header_subtitle\":\"\",\"ppb_header_width\":\"100\",\"ppb_header_textalign\":\"left\",\"ppb_header_padding\":\"60\",\"ppb_header_bgcolor\":\"\",\"ppb_header_fontcolor\":\"\",\"ppb_header_custom_css\":\"\",\"ppb_header_content\":\"\"}"],"1510211906197_size":["one_third last"],"1510211994016_data":["{\"id\":\"1510211994016\",\"shortcode\":\"ppb_image_fullwidth\",\"ppb_image_fullwidth_title\":\"Fullwidth%20Image\",\"ppb_image_fullwidth_slug\":\"\",\"ppb_image_fullwidth_image\":\"http:\/\/themes.themegoods.com\/photography\/demo4\/wp-content\/uploads\/2017\/11\/female-artist-painting-a-picture-with-watercolour-PKT2JGK.jpg\",\"ppb_image_fullwidth_height\":\"700\",\"ppb_image_fullwidth_background_position\":\"center\",\"ppb_image_fullwidth_display_caption\":\"0\",\"ppb_image_fullwidth_display_gradient\":\"0\",\"ppb_image_fullwidth_padding\":\"0\",\"ppb_image_fullwidth_custom_css\":\"\"}"],"1510211994016_size":["one"],"1510212073240_data":["{\"id\":\"1510212073240\",\"shortcode\":\"ppb_text\",\"ppb_text_title\":\"We've%20done%20it%20for%20folks%20big%20and%20small\",\"ppb_text_slug\":\"\",\"ppb_text_width\":\"100%25\",\"ppb_text_padding\":\"60\",\"ppb_text_bgcolor\":\"\",\"ppb_text_fontcolor\":\"\",\"ppb_text_custom_css\":\"text-align:center;\",\"ppb_text_content\":\"%3Ch2%3EWe've%20done%20it%20for%20folks%20big%20and%20small%3C\/h2%3E\"}"],"1510212073240_size":["one"],"1510212517132_data":["{\"id\":\"1510212517132\",\"shortcode\":\"ppb_client_column\",\"ppb_client_column_title\":\"Client%20Logo\",\"ppb_client_column_slug\":\"\",\"ppb_client_column_image1\":\"http:\/\/themes.themegoods.com\/photography\/demo4\/wp-content\/uploads\/2017\/11\/s-automattic.png\",\"ppb_client_column_image2\":\"http:\/\/themes.themegoods.com\/photography\/demo4\/wp-content\/uploads\/2017\/11\/s-commondesk.png\",\"ppb_client_column_image3\":\"http:\/\/themes.themegoods.com\/photography\/demo4\/wp-content\/uploads\/2017\/11\/s-dan.png\",\"ppb_client_column_image4\":\"http:\/\/themes.themegoods.com\/photography\/demo4\/wp-content\/uploads\/2017\/11\/s-flywheel.png\",\"ppb_client_column_image5\":\"http:\/\/themes.themegoods.com\/photography\/demo4\/wp-content\/uploads\/2017\/11\/s-lemieux.png\",\"ppb_client_column_custom_css\":\"\"}"],"1510212517132_size":["one"],"1510213249509_data":["{\"id\":\"1510213249509\",\"shortcode\":\"ppb_client_column\",\"ppb_client_column_title\":\"Client%20Logo\",\"ppb_client_column_slug\":\"\",\"ppb_client_column_image1\":\"http:\/\/themes.themegoods.com\/photography\/demo4\/wp-content\/uploads\/2017\/11\/s-weebly.png\",\"ppb_client_column_image2\":\"http:\/\/themes.themegoods.com\/photography\/demo4\/wp-content\/uploads\/2017\/11\/s-squarespace.png\",\"ppb_client_column_image3\":\"http:\/\/themes.themegoods.com\/photography\/demo4\/wp-content\/uploads\/2017\/11\/s-moo.png\",\"ppb_client_column_image4\":\"http:\/\/themes.themegoods.com\/photography\/demo4\/wp-content\/uploads\/2017\/11\/s-lyft.png\",\"ppb_client_column_image5\":\"http:\/\/themes.themegoods.com\/photography\/demo4\/wp-content\/uploads\/2017\/11\/s-mailchimp.png\",\"ppb_client_column_custom_css\":\"\"}"],"1510213249509_size":["one"],"1510213303764_data":["{\"id\":1510213303764,\"shortcode\":\"ppb_divider\",\"ppb_text_title\":\"Paragraph Break\",\"ppb_text_content\":\"\",\"ppb_header_content\":\"\"}"],"1510213303764_size":["one"]}