{"ppb_form_data_order":["1443513739755,1442727705484"],"1443513739755_data":["{\"id\":\"1443513739755\",\"shortcode\":\"ppb_header\",\"ppb_header_title\":\"About%20Me\",\"ppb_header_slug\":\"\",\"ppb_header_subtitle\":\"\",\"ppb_header_width\":\"100%25\",\"ppb_header_textalign\":\"center\",\"ppb_header_padding\":\"60\",\"ppb_header_bgcolor\":\"\",\"ppb_header_fontcolor\":\"\",\"ppb_header_custom_css\":\"\",\"ppb_header_content\":\"A%20gray%20cat%20slinks%20past%20a%20wooden%20house.%20%3Cbr\/%3EThere's%20something%20a%20little%20intimidating%20attempting%20to%20describe.%0A\"}"],"1443513739755_size":["one"],"1442727705484_data":["{\"id\":\"1442727705484\",\"shortcode\":\"ppb_image_half_fixed_width\",\"ppb_image_half_fixed_width_title\":\"Profile%20Image\",\"ppb_image_half_fixed_width_slug\":\"\",\"ppb_image_half_fixed_width_image\":\"http:\/\/themes.themegoods.com\/photography\/demo1\/wp-content\/uploads\/2013\/07\/hor2.jpg\",\"ppb_image_half_fixed_width_align\":\"left\",\"ppb_image_half_fixed_width_padding\":\"0\",\"ppb_image_half_fixed_width_bgcolor\":\"\",\"ppb_image_half_fixed_width_fontcolor\":\"\",\"ppb_image_half_fixed_width_custom_css\":\"\",\"ppb_image_half_fixed_width_content\":\"%3Cdiv%20class=%22ppb_subtitle%22%20style=%22%22%3EPhotographer%20\/%20Designer%3C\/div%3E%3Ch2%20class=%22ppb_title%22%20style=%22%22%3EJane%20Doe%3C\/h2%3E%0A%3Chr%20class=%22title_break%20left%22%3E%3Cdiv%20class=%22ppb_header_content%22%3E%3Cp%3EA%20gray%20cat%20slinks%20past%20a%20wooden%20house.%3Cbr\/%3EThere%E2%80%99s%20something%20a%20little%20intimidating%3Cbr\/%3Eattempting%20to%20describe%3C\/p%3E%0A%3C\/div%3E%0A%3Cdiv%20style=%22margin-top:20px%22%3E%0A%3Cp%3E%0ASed%20ut%20perspiciatis%20unde%20omnis%20iste%20natus%20error%20sit%20voluptatem%20accusantium%20doloremque%20laudantium,%20totam%20rem%20aperiam,%20eaque%20ipsa%20quae%20ab%20illo%20inventore%20veritatis%20et%20quasi%20architecto%20beatae%20vitae%20dicta%20sunt%20explicabo.%20Nemo%20enim%20ipsam%20voluptatem%20quia%20voluptas%20sit%20aspernatur%20aut%20odit%20aut%20fugit.%20Vivamus%20at%20nibh%20tincidunt,%20bibendum%20ligula%20id.%20Nemo%20enim%20ipsam%20voluptatem%20quiatotam%20rem%20aperiam,%20eaque%20ipsa%20quae%20ab%20illo%20inventore%20veritatis%20et%20quasi%20architecto%20beatae%20vitae%20dicta%20sunt%20explicabo.%0A%3Cbr\/%3E%3Cbr\/%3E%3Cbr\/%3E%0ANemo%20enim%20ipsam%20voluptatem%20quia%20voluptas%20sit%20aspernatur%20aut%20odit%20aut%20fugit.%20Vivamus%20at%20nibh%20tincidunt,%20bibendum%20ligula%20id.%20Nemo%20enim%20ipsam%20voluptatem%20quiatotam%20rem%20aperiam,%20eaque%20ipsa%20quae%20ab%20illo%20inventore%20veritatis%20et%20quasi%20architecto%20beatae%20vitae%20dicta%20sunt%20explicabo.%20Nemo%20enim%20ipsam%20voluptatem%20quia%20voluptas%20sit%20aspernatur%20aut%20odit%20aut%20fugit.%0A%3Cp%3E\u00a0%3C\/p%3E%3Cimg%20src=%22http:\/\/themes.themegoods.com\/photography\/demo1\/wp-content\/uploads\/2015\/09\/signature.png%22%20alt=%22%22\/%3E%0A%3C\/p%3E%0A%3C\/div%3E\"}"],"1442727705484_size":["one"]}