{"ppb_form_data_order":["1443614331006,1443614642499,1443614734153,1443614821881,1443614934011"],"1443614331006_data":["{\"id\":\"1443614331006\",\"shortcode\":\"ppb_header\",\"ppb_header_title\":\"Creative%20theme%20for%20photographer\",\"ppb_header_slug\":\"\",\"ppb_header_subtitle\":\"photographer%20\/%20designer%20\/%20fashion%20designer%20\/%20archetect\",\"ppb_header_width\":\"70%25\",\"ppb_header_textalign\":\"center\",\"ppb_header_padding\":\"100\",\"ppb_header_bgcolor\":\"\",\"ppb_header_fontcolor\":\"\",\"ppb_header_custom_css\":\"\",\"ppb_header_content\":\"Sed%20ut%20perspiciatis%20unde%20omnis%20iste%20natus%20error%20sit%20voluptatem%20accusantium%20doloremque%20laudantium%0Atotam%20rem%20aperiam,%20eaque%20ipsa%20quae%20ab%20illo%20inventore%20veritatis%20et%20quasi%20architecto%20beatae%20vitae%20%0Adicta%20sunt%20explicabo.%20Nemo%20enim%20ipsam%20voluptatem%20quia%20voluptas%20ab%20illo%20inventore%20veritatis%20et%20quasi%20\"}"],"1443614331006_size":["one"],"1443614642499_data":["{\"id\":\"1443614642499\",\"shortcode\":\"ppb_two_cols_images\",\"ppb_two_cols_images_title\":\"Images\",\"ppb_two_cols_images_slug\":\"\",\"ppb_two_cols_images_image1\":\"http:\/\/themes.themegoods.com\/photography\/demo1\/wp-content\/uploads\/2013\/07\/hor1.jpg\",\"ppb_two_cols_images_image2\":\"http:\/\/themes.themegoods.com\/photography\/demo1\/wp-content\/uploads\/2013\/07\/hor2.jpg\",\"ppb_two_cols_images_display_caption\":\"0\",\"ppb_two_cols_images_padding\":\"30\",\"ppb_two_cols_images_bgcolor\":\"\",\"ppb_two_cols_images_custom_css\":\"\"}"],"1443614642499_size":["one"],"1443614734153_data":["{\"id\":\"1443614734153\",\"shortcode\":\"ppb_image_fixed_width\",\"ppb_image_fixed_width_title\":\"Image%20Fifxed%20Width\",\"ppb_image_fixed_width_slug\":\"\",\"ppb_image_fixed_width_image\":\"http:\/\/themes.themegoods.com\/photography\/demo1\/wp-content\/uploads\/2013\/06\/photo-1438109491414-7198515b166b.jpg\",\"ppb_image_fixed_width_display_caption\":\"0\",\"ppb_image_fixed_width_padding\":\"10\",\"ppb_image_fixed_width_bgcolor\":\"\",\"ppb_image_fixed_width_custom_css\":\"\"}"],"1443614734153_size":["one"],"1443614821881_data":["{\"id\":\"1443614821881\",\"shortcode\":\"ppb_four_images_block\",\"ppb_four_images_block_title\":\"Images\",\"ppb_four_images_block_slug\":\"\",\"ppb_four_images_block_image1\":\"http:\/\/themes.themegoods.com\/photography\/demo1\/wp-content\/uploads\/2015\/07\/4575979c.jpg\",\"ppb_four_images_block_image2\":\"http:\/\/themes.themegoods.com\/photography\/demo1\/wp-content\/uploads\/2015\/06\/photo-1418225043143-90858d2301b4.jpg\",\"ppb_four_images_block_image3\":\"http:\/\/themes.themegoods.com\/photography\/demo1\/wp-content\/uploads\/2011\/06\/photo-1413920346627-a4389f0abd61.jpg\",\"ppb_four_images_block_image4\":\"http:\/\/themes.themegoods.com\/photography\/demo1\/wp-content\/uploads\/2015\/09\/33dca3b1ecb01a7d-2012_WeAre-TheRhoads_oct_KinfolkVol5_10_o.jpg\",\"ppb_four_images_block_display_caption\":\"0\",\"ppb_four_images_block_padding\":\"30\",\"ppb_four_images_block_bgcolor\":\"\",\"ppb_four_images_block_custom_css\":\"padding-bottom:0%20!important;\"}"],"1443614821881_size":["one"],"1443614934011_data":["{\"id\":\"1443614934011\",\"shortcode\":\"ppb_header\",\"ppb_header_title\":\"We%20are%20world%20class%20team%20building%20wonderful%20products\",\"ppb_header_slug\":\"\",\"ppb_header_subtitle\":\"\",\"ppb_header_width\":\"70%25\",\"ppb_header_textalign\":\"center\",\"ppb_header_padding\":\"50\",\"ppb_header_bgcolor\":\"\",\"ppb_header_fontcolor\":\"\",\"ppb_header_custom_css\":\"\",\"ppb_header_content\":\"A%20gray%20cat%20slinks%20past%20a%20wooden%20house.%20%0AThere%E2%80%99s%20something%20a%20little%20intimidating%20attempting%20to%20describe.%0A%3Cp%3E%C2%A0%3C\/p%3E%0A%3Cimg%20src=%22http:\/\/themes.themegoods.com\/photography\/demo1\/wp-content\/uploads\/2015\/09\/signature.png%22%20alt=%22%22%20\/%3E\"}"],"1443614934011_size":["one"]}