{"ppb_form_data_order":["1443605241614,1443609558254,1443609715226,1443610101757,1443610019856,1443610147701,1443610229423,1443610245117,1443610426615,1443610376395"],"1443605241614_data":["{\"id\":\"1443605241614\",\"shortcode\":\"ppb_revslider\",\"ppb_revslider_title\":\"Slider\",\"ppb_revslider_slug\":\"\",\"ppb_revslider_slider_id\":\"home-5-slider\",\"ppb_revslider_display\":\"normal\"}"],"1443605241614_size":["one"],"1443609558254_data":["{\"id\":\"1443609558254\",\"shortcode\":\"ppb_header\",\"ppb_header_title\":\"We%20hand-craft%20create%20design%20&%20layout%20for%20photographer\",\"ppb_header_slug\":\"\",\"ppb_header_subtitle\":\"\",\"ppb_header_width\":\"60%25\",\"ppb_header_textalign\":\"center\",\"ppb_header_padding\":\"50\",\"ppb_header_bgcolor\":\"\",\"ppb_header_fontcolor\":\"\",\"ppb_header_custom_css\":\"\",\"ppb_header_content\":\"Sed%20ut%20perspiciatis%20unde%20omnis%20iste%20natus%20error%20sit%20voluptatem%20accusantium%0Adoloremque%20laudantium,%20totam%20rem%20aperiam,%20eaque%20ipsa%20quae%20ab%20illo%20inventore%20veritatis%20et%20quasi%20%0Aarchitecto%20beatae%20vitae%20dicta%20sunt%20explicabo.%20Nemo%20enim%20ipsam%20voluptatem%20quia%20voluptas\"}"],"1443609558254_size":["one"],"1443609715226_data":["{\"id\":\"1443609715226\",\"shortcode\":\"ppb_text\",\"ppb_text_title\":\"Counters\",\"ppb_text_slug\":\"\",\"ppb_text_width\":\"100%25\",\"ppb_text_padding\":\"0\",\"ppb_text_bgcolor\":\"\",\"ppb_text_fontcolor\":\"\",\"ppb_text_custom_css\":\"\",\"ppb_text_content\":\"%5Bone_third%20custom_css=%22padding:30px%2010px%2030px%2010px;border:%201px%20solid%20#222222%22%5D%0A%5Btg_animate_counter%20start%20=%220%22%20end=%22109%22%20fontsize=%2260%22%20fontcolor=%22#222222%22%20count_subject=%22Themes%22%5D%5B\/tg_animate_counter%5D%0A%5B\/one_third%5D%0A%5Bone_third%20custom_css=%22padding:30px%2010px%2030px%2010px;border:%201px%20solid%20#222222%22%5D%0A%5Btg_animate_counter%20start%20=%220%22%20end=%227010%22%20fontsize=%2260%22%20count_subject=%22Happy%20Customers%22%20color=%22#222222%22%5D%5B\/tg_animate_counter%5D%0A%5B\/one_third%5D%0A%5Bone_third_last%20custom_css=%22padding:30px%2010px%2030px%2010px;border:%201px%20solid%20#222222%22%5D%0A%5Btg_animate_counter%20start%20=%220%22%20end=%226409%22%20fontsize=%2260%22%20fontcolor=%22#222222%22%20count_subject=%22Followers%22%5D%5B\/tg_animate_counter%5D%0A%5B\/one_third_last%5D\"}"],"1443609715226_size":["one"],"1443610101757_data":["{\"id\":\"1443610101757\",\"shortcode\":\"ppb_text\",\"ppb_text_title\":\"Line%20Break\",\"ppb_text_slug\":\"\",\"ppb_text_width\":\"100%25\",\"ppb_text_padding\":\"60\",\"ppb_text_bgcolor\":\"\",\"ppb_text_fontcolor\":\"\",\"ppb_text_custom_css\":\"\",\"ppb_text_content\":\"%3Chr\/%3E\"}"],"1443610101757_size":["one"],"1443610019856_data":["{\"id\":\"1443610019856\",\"shortcode\":\"ppb_header\",\"ppb_header_title\":\"We%20are%20world%20class%20team%20building%20wonderful%20products\",\"ppb_header_slug\":\"\",\"ppb_header_subtitle\":\"\",\"ppb_header_width\":\"70%25\",\"ppb_header_textalign\":\"center\",\"ppb_header_padding\":\"0\",\"ppb_header_bgcolor\":\"\",\"ppb_header_fontcolor\":\"\",\"ppb_header_custom_css\":\"\",\"ppb_header_content\":\"A%20gray%20cat%20slinks%20past%20a%20wooden%20house.%20%0AThere%E2%80%99s%20something%20a%20little%20intimidating%20attempting%20to%20describe.%0A%3Cp%3E%C2%A0%3C\/p%3E%0A%3Cimg%20src=%22http:\/\/themes.themegoods.com\/photography\/demo1\/wp-content\/uploads\/2015\/09\/signature.png%22%20alt=%22%22%20\/%3E\"}"],"1443610019856_size":["one"],"1443610147701_data":["{\"id\":\"1443610147701\",\"shortcode\":\"ppb_portfolio_grid\",\"ppb_portfolio_grid_title\":\"Portfolio%20Grid\",\"ppb_portfolio_grid_slug\":\"\",\"ppb_portfolio_grid_filterable\":\"display\",\"ppb_portfolio_grid_cat\":\"\",\"ppb_portfolio_grid_layout\":\"wide\",\"ppb_portfolio_grid_columns\":\"4\",\"ppb_portfolio_grid_order\":\"default\",\"ppb_portfolio_grid_items\":\"12\",\"ppb_portfolio_grid_items_ini\":\"0\",\"ppb_portfolio_grid_custom_css\":\"\"}"],"1443610147701_size":["one"],"1443610229423_data":["{\"id\":\"1443610229423\",\"shortcode\":\"ppb_header\",\"ppb_header_title\":\"Meet%20Our%20Team\",\"ppb_header_slug\":\"\",\"ppb_header_subtitle\":\"\",\"ppb_header_width\":\"100%25\",\"ppb_header_textalign\":\"center\",\"ppb_header_padding\":\"50\",\"ppb_header_bgcolor\":\"\",\"ppb_header_fontcolor\":\"\",\"ppb_header_custom_css\":\"\",\"ppb_header_content\":\"Sed%20ut%20perspiciatis%20unde%20omnis%20iste%20natus%20error%20sit%20voluptatem%20accusantium%0Adoloremque%20laudantium,%20totam%20rem%20aperiam,%20eaque%20ipsa%20quae%20ab%20illo%20inventore%20veritatis%20et%20quasi%0Aarchitecto%20beatae%20vitae%20dicta%20sunt%20explicabo.%20Nemo%20enim%20ipsam%20voluptatem%20quia%20voluptas\"}"],"1443610229423_size":["one"],"1443610245117_data":["{\"id\":\"1443610245117\",\"shortcode\":\"ppb_team_grid\",\"ppb_team_grid_title\":\"Team\",\"ppb_team_grid_slug\":\"\",\"ppb_team_grid_cat\":\"\",\"ppb_team_grid_columns\":\"3\",\"ppb_team_grid_order\":\"default\",\"ppb_team_grid_items\":\"6\",\"ppb_team_grid_padding\":\"0\",\"ppb_team_grid_bgcolor\":\"\",\"ppb_team_grid_fontcolor\":\"\",\"ppb_team_grid_custom_css\":\"\"}"],"1443610245117_size":["one"],"1443610426615_data":["{\"id\":\"1443610426615\",\"shortcode\":\"ppb_header\",\"ppb_header_title\":\"Latest%20News\",\"ppb_header_slug\":\"\",\"ppb_header_subtitle\":\"\",\"ppb_header_width\":\"100%25\",\"ppb_header_textalign\":\"center\",\"ppb_header_padding\":\"50\",\"ppb_header_bgcolor\":\"\",\"ppb_header_fontcolor\":\"\",\"ppb_header_custom_css\":\"\",\"ppb_header_content\":\"Sed%20ut%20perspiciatis%20unde%20omnis%20iste%20natus%20error%20sit%20voluptatem%20accusantium%0Adoloremque%20laudantium,%20totam%20rem%20aperiam,%20eaque%20ipsa%20quae%20ab%20illo%20inventore%20veritatis%20et%20quasi%0Aarchitecto%20beatae%20vitae%20dicta%20sunt%20explicabo.%20Nemo%20enim%20ipsam%20voluptatem%20quia%20voluptas\"}"],"1443610426615_size":["one"],"1443610376395_data":["{\"id\":\"1443610376395\",\"shortcode\":\"ppb_blog_grid\",\"ppb_blog_grid_title\":\"Blog%20Grid\",\"ppb_blog_grid_slug\":\"\",\"ppb_blog_grid_cat\":\"\",\"ppb_blog_grid_items\":\"3\",\"ppb_blog_grid_padding\":\"0\",\"ppb_blog_grid_link_title\":\"View%20Recent%20Posts\",\"ppb_blog_grid_link_url\":\"http:\/\/themes.themegoods.com\/photography\/demo1\/blog\/blog-right-sidebar\/?slider=slider\",\"ppb_blog_grid_custom_css\":\"\"}"],"1443610376395_size":["one"]}