{"ppb_form_data_order":["1443693303743,1443692882518"],"1443693303743_data":["{\"id\":\"1443693303743\",\"shortcode\":\"ppb_image_poppup\",\"ppb_image_poppup_title\":\"Photography%20Theme\",\"ppb_image_poppup_slug\":\"\",\"ppb_image_poppup_subtitle\":\"Trusted%20by%2090,000+%20Happy%20Customers\",\"ppb_image_poppup_layout\":\"wide\",\"ppb_image_poppup_background\":\"http:\/\/themes.themegoods.com\/photography\/demo1\/wp-content\/uploads\/2015\/09\/city-sunny-couple-love.jpg\",\"ppb_image_poppup_background_position\":\"center\",\"ppb_image_poppup_textalign\":\"center\",\"ppb_image_poppup_padding\":\"120\",\"ppb_image_poppup_bgcolor\":\"\",\"ppb_image_poppup_fontcolor\":\"\",\"ppb_image_poppup_custom_css\":\"margin-bottom:30px;\",\"ppb_image_poppup_content\":\"A%20gray%20cat%20slinks%20past%20a%20wooden%20house.%20%3Cbr\/%3EThere's%20something%20a%20little%20intimidating%20attempting%20to%20describe.%0A%3Cbr\/%3E%3Cbr\/%3E%3Cbr\/%3E%3Cimg%20src=%22http:\/\/themes.themegoods.com\/photography\/demo1\/wp-content\/uploads\/2015\/09\/signature.png%22%20alt=%22%22\/%3E\"}"],"1443693303743_size":["one"],"1443692882518_data":["{\"id\":\"1443692882518\",\"shortcode\":\"ppb_gallery_masonry\",\"ppb_gallery_masonry_title\":\"Gallery\",\"ppb_gallery_masonry_slug\":\"\",\"ppb_gallery_masonry_gallery_id\":\"1719\",\"ppb_gallery_masonry_layout\":\"contain\",\"ppb_gallery_masonry_columns\":\"5\",\"ppb_gallery_masonry_items\":\"0\"}"],"1443692882518_size":["one"]}