{"ppb_form_data_order":["1442839513379,1442643225914,1442643463661,1435727004866,1442642880232,1442642924782"],"1442839513379_data":["{\"id\":\"1442839513379\",\"shortcode\":\"ppb_header\",\"ppb_header_title\":\"Historical%20Bridge\",\"ppb_header_slug\":\"\",\"ppb_header_subtitle\":\"\",\"ppb_header_width\":\"100%25\",\"ppb_header_textalign\":\"left\",\"ppb_header_padding\":\"50\",\"ppb_header_bgcolor\":\"\",\"ppb_header_fontcolor\":\"\",\"ppb_header_custom_css\":\"width:70%25;\",\"ppb_header_content\":\"Lorem%20ipsum%20dosectetur%20adipisicing%20elit,%20sed%20do.%20Lorem%20ipsum%20dolor%20sit%20amet,%20consectetur%20Nulla%20fringilla%20purus%20at%20leo%20dignissim%20congue.%20Mauris%20elementum%20accumsan%20leo%20vel%20tempor.%20Sit%20amet%20cursus%20nisl%20aliquam.%20Aliquam%20et%20elit%20eu%20nunc%20rhoncus%20viverra%20quis%20at%20felis.%20Sed%20do.Lorem%20ipsum%20dolor%20sit%20amet,%20consectetur%20Nulla%20fringilla%20purus%20Lorem%20ipsum%20dosectetur%20adipisicing%20elit%20at%20leo%20dignissim%20congue.%20Mauris%20elementum%20accumsan%20leo%20ve\"}"],"1442839513379_size":["one"],"1442643225914_data":["{\"id\":\"1442643225914\",\"shortcode\":\"ppb_image_fixed_width\",\"ppb_image_fixed_width_title\":\"Image%201\",\"ppb_image_fixed_width_slug\":\"\",\"ppb_image_fixed_width_image\":\"http:\/\/themes.themegoods.com\/photography\/demo1\/wp-content\/uploads\/2012\/08\/photo-1437623889155-075d40e2e59f.jpg\",\"ppb_image_fixed_width_display_caption\":\"0\",\"ppb_image_fixed_width_padding\":\"50\",\"ppb_image_fixed_width_bgcolor\":\"\",\"ppb_image_fixed_width_custom_css\":\"padding-top:0%20!important;\"}"],"1442643225914_size":["one"],"1442643463661_data":["{\"id\":\"1442643463661\",\"shortcode\":\"ppb_two_cols_images\",\"ppb_two_cols_images_title\":\"Two%20Images\",\"ppb_two_cols_images_slug\":\"\",\"ppb_two_cols_images_image1\":\"http:\/\/themes.themegoods.com\/photography\/demo1\/wp-content\/uploads\/2013\/07\/hor1.jpg\",\"ppb_two_cols_images_image2\":\"http:\/\/themes.themegoods.com\/photography\/demo1\/wp-content\/uploads\/2013\/07\/hor2.jpg\",\"ppb_two_cols_images_display_caption\":\"0\",\"ppb_two_cols_images_padding\":\"0\",\"ppb_two_cols_images_bgcolor\":\"\",\"ppb_two_cols_images_custom_css\":\"\"}"],"1442643463661_size":["one"],"1435727004866_data":["{\"id\":\"1435727004866\",\"shortcode\":\"ppb_header\",\"ppb_header_title\":\"\",\"ppb_header_slug\":\"\",\"ppb_header_subtitle\":\"\",\"ppb_header_width\":\"100%25\",\"ppb_header_textalign\":\"left\",\"ppb_header_padding\":\"50\",\"ppb_header_bgcolor\":\"\",\"ppb_header_fontcolor\":\"\",\"ppb_header_custom_css\":\"padding-bottom:%2020px%20!important;\",\"ppb_header_content\":\"%3Cblockquote%3E%3Cp%3EDesign%20is%20not%20just%20what%20it%20looks%20like%20and%20feels%20like.%20Design%20is%20how%20it%20works.%3C\/p%3E%0A%3C\/blockquote%3E\"}"],"1435727004866_size":["one_third"],"1442642880232_data":["{\"id\":\"1442642880232\",\"shortcode\":\"ppb_text\",\"ppb_text_title\":\"Text%20Content\",\"ppb_text_slug\":\"\",\"ppb_text_width\":\"100%25\",\"ppb_text_padding\":\"50\",\"ppb_text_bgcolor\":\"\",\"ppb_text_fontcolor\":\"\",\"ppb_text_custom_css\":\"\",\"ppb_text_content\":\"Sed%20ut%20perspiciatis%20unde%20omnis%20iste%20natus%20error%20sit%20voluptatem%20accusantium%20doloremque%20laudantium,%20totam%20rem%20aperiam,%20eaque%20ipsa%20quae%20ab%20illo%20inventore%20veritatis%20et%20quasi%20architecto%20beatae%20vitae%20dicta%20sunt%20explicabo.%20Nemo%20enim%20ipsam%20voluptatem%20quia%20voluptas%20sit%20aspernatur%20aut%20odit%20aut%20fugit.%20Vivamus%20at%20nibh%20tincidunt,%20bibendum%20ligula%20id.%20Nemo%20enim%20ipsam%20voluptatem%20quiatotam%20rem%20aperiam,%20eaque%20ipsa%20quae%20ab%20illo%20inventore%20veritatis%20et%20quasi%20architecto%20beatae%20vitae%20dicta%20sunt%20explicabo.%20Nemo%20enim%20ipsam%20voluptatem%20quia%20voluptas%20sit%20aspernatur%20aut%20odit%20aut%20fugit.\"}"],"1442642880232_size":["one_third"],"1442642924782_data":["{\"id\":\"1442642924782\",\"shortcode\":\"ppb_text\",\"ppb_text_title\":\"Text%20Content\",\"ppb_text_slug\":\"\",\"ppb_text_width\":\"100%25\",\"ppb_text_padding\":\"50\",\"ppb_text_bgcolor\":\"\",\"ppb_text_fontcolor\":\"\",\"ppb_text_custom_css\":\"\",\"ppb_text_content\":\"Sed%20ut%20perspiciatis%20unde%20omnis%20iste%20natus%20error%20sit%20voluptatem%20accusantium%20doloremque%20laudantium,%20totam%20rem%20aperiam,%20eaque%20ipsa%20quae%20ab%20illo%20inventore%20veritatis%20et%20quasi%20architecto%20beatae%20vitae%20dicta%20sunt%20explicabo.%20Nemo%20enim%20ipsam%20voluptatem%20quia%20voluptas%20sit%20aspernatur%20aut%20odit%20aut%20fugit.%20Vivamus%20at%20nibh%20tincidunt,%20bibendum%20ligula%20id.%20Nemo%20enim%20ipsam%20voluptatem%20quiatotam%20rem%20aperiam,%20eaque%20ipsa%20quae%20ab%20illo%20inventore%20veritatis%20et%20quasi%20architecto%20beatae%20vitae%20dicta%20sunt%20explicabo.%20Nemo%20enim%20ipsam%20voluptatem%20quia%20voluptas%20sit%20aspernatur%20aut%20odit%20aut%20fugit.\"}"],"1442642924782_size":["one_third last"]}