{"ppb_form_data_order":["1442727705484,1442728234686,1442728288594,1442728379833"],"1442727705484_data":["{\"id\":\"1442727705484\",\"shortcode\":\"ppb_image_half_fixed_width\",\"ppb_image_half_fixed_width_title\":\"Cover%20Image\",\"ppb_image_half_fixed_width_slug\":\"\",\"ppb_image_half_fixed_width_image\":\"http:\/\/themes.themegoods.com\/photography\/demo1\/wp-content\/uploads\/2013\/07\/hor2.jpg\",\"ppb_image_half_fixed_width_align\":\"left\",\"ppb_image_half_fixed_width_padding\":\"50\",\"ppb_image_half_fixed_width_bgcolor\":\"\",\"ppb_image_half_fixed_width_custom_css\":\"\",\"ppb_image_half_fixed_width_content\":\"%3Cdiv%20class=%22ppb_subtitle%22%20style=%22%22%3EModel%20\/%20Architecture%3C\/div%3E%3Ch2%20class=%22ppb_title%22%20style=%22%22%3EVintage%20Radio%3C\/h2%3E%0A%3Chr%20class=%22title_break%20left%22%3E%3Cdiv%20class=%22ppb_header_content%22%3E%3Cp%3EA%20gray%20cat%20slinks%20past%20a%20wooden%20house.%3Cbr\/%3EThere%E2%80%99s%20something%20a%20little%20intimidating%3Cbr\/%3Eattempting%20to%20describe%3C\/p%3E%0A%3C\/div%3E%0A%3Cdiv%20style=%22margin-top:20px%22%3E%0A%3Cp%3E%0ASed%20ut%20perspiciatis%20unde%20omnis%20iste%20natus%20error%20sit%20voluptatem%20accusantium%20doloremque%20laudantium,%20totam%20rem%20aperiam,%20eaque%20ipsa%20quae%20ab%20illo%20inventore%20veritatis%20et%20quasi%20architecto%20beatae%20vitae%20dicta%20sunt%20explicabo.%20Nemo%20enim%20ipsam%20voluptatem%20quia%20voluptas%20sit%20aspernatur%20aut%20odit%20aut%20fugit.%20Vivamus%20at%20nibh%20tincidunt,%20bibendum%20ligula%20id.%20Nemo%20enim%20ipsam%20voluptatem%20quiatotam%20rem%20aperiam,%20eaque%20ipsa%20quae%20ab%20illo%20inventore%20veritatis%20et%20quasi%20architecto%20beatae%20vitae%20dicta%20sunt%20explicabo.%0A%3Cbr\/%3E%3Cbr\/%3E%3Cbr\/%3E%0ANemo%20enim%20ipsam%20voluptatem%20quia%20voluptas%20sit%20aspernatur%20aut%20odit%20aut%20fugit.%20Vivamus%20at%20nibh%20tincidunt,%20bibendum%20ligula%20id.%20Nemo%20enim%20ipsam%20voluptatem%20quiatotam%20rem%20aperiam,%20eaque%20ipsa%20quae%20ab%20illo%20inventore%20veritatis%20et%20quasi%20architecto%20beatae%20vitae%20dicta%20sunt%20explicabo.%20Nemo%20enim%20ipsam%20voluptatem%20quia%20voluptas%20sit%20aspernatur%20aut%20odit%20aut%20fugit.%0A%3Cbr\/%3E%3Cbr\/%3E%3Cbr\/%3E%0AVivamus%20at%20nibh%20tincidunt,%20bibendum%20ligula%20id.%20Nemo%20enim%20ipsam%20voluptatem%20quiatotam%20rem%20aperiam,%20eaque%20ipsa%20quae%20ab%20illo%20inventore%20veritatis%20et%20quasi%20architecto%20beatae%20vitae%20dicta%20sunt%20explicabo.%0A%3C\/p%3E%0A%3C\/div%3E\"}"],"1442727705484_size":["one"],"1442728234686_data":["{\"id\":\"1442728234686\",\"shortcode\":\"ppb_image_fixed_width\",\"ppb_image_fixed_width_title\":\"Image\",\"ppb_image_fixed_width_slug\":\"\",\"ppb_image_fixed_width_image\":\"http:\/\/themes.themegoods.com\/photography\/demo1\/wp-content\/uploads\/2015\/09\/28.jpg\",\"ppb_image_fixed_width_display_caption\":\"1\",\"ppb_image_fixed_width_padding\":\"0\",\"ppb_image_fixed_width_bgcolor\":\"\",\"ppb_image_fixed_width_custom_css\":\"\"}"],"1442728234686_size":["one"],"1442728288594_data":["{\"id\":\"1442728288594\",\"shortcode\":\"ppb_image_fixed_width\",\"ppb_image_fixed_width_title\":\"Image\",\"ppb_image_fixed_width_slug\":\"\",\"ppb_image_fixed_width_image\":\"http:\/\/themes.themegoods.com\/photography\/demo1\/wp-content\/uploads\/2011\/06\/02.jpg\",\"ppb_image_fixed_width_display_caption\":\"1\",\"ppb_image_fixed_width_padding\":\"0\",\"ppb_image_fixed_width_bgcolor\":\"\",\"ppb_image_fixed_width_custom_css\":\"\"}"],"1442728288594_size":["one"],"1442728379833_data":["{\"id\":\"1442728379833\",\"shortcode\":\"ppb_image_half_fixed_width\",\"ppb_image_half_fixed_width_title\":\"Solutions\",\"ppb_image_half_fixed_width_slug\":\"\",\"ppb_image_half_fixed_width_image\":\"http:\/\/themes.themegoods.com\/photography\/demo1\/wp-content\/uploads\/2013\/07\/hor1.jpg\",\"ppb_image_half_fixed_width_align\":\"right\",\"ppb_image_half_fixed_width_padding\":\"0\",\"ppb_image_half_fixed_width_bgcolor\":\"\",\"ppb_image_half_fixed_width_custom_css\":\"padding-bottom:40px%20!important;\",\"ppb_image_half_fixed_width_content\":\"%3Ch2%20class=%22ppb_title%22%20style=%22%22%3EOur%20Ideas%20&%20Solutions%3Cbr\/%3EFor%20Customer%3C\/h2%3E%0A%3Chr%20class=%22title_break%20left%22%3E%0A%3Cdiv%20style=%22margin-top:20px%22%3E%0A%3Cp%3E%0ASed%20ut%20perspiciatis%20unde%20omnis%20iste%20natus%20error%20sit%20voluptatem%20accusantium%20doloremque%20laudantium,%20totam%20rem%20aperiam,%20eaque%20ipsa%20quae%20ab%20illo%20inventore%20veritatis%20et%20quasi%20architecto%20beatae%20vitae%20dicta%20sunt%20explicabo.%20Nemo%20enim%20ipsam%20voluptatem%20quia%20voluptas%20sit%20aspernatur%20aut%20odit%20aut%20fugit.%20Vivamus%20at%20nibh%20tincidunt,%20bibendum%20ligula%20id.%20Nemo%20enim%20ipsam%20voluptatem%20quiatotam%20rem%20aperiam,%20eaque%20ipsa%20quae%20ab%20illo%20inventore%20veritatis%20et%20quasi%20architecto%20beatae%20vitae%20dicta%20sunt%20explicabo.%0A%3Cbr\/%3E%3Cbr\/%3E%3Cbr\/%3E%0ANemo%20enim%20ipsam%20voluptatem%20quia%20voluptas%20sit%20aspernatur%20aut%20odit%20aut%20fugit.%20Vivamus%20at%20nibh%20tincidunt,%20bibendum%20ligula%20id.%20Nemo%20enim%20ipsam%20voluptatem%20quiatotam%20rem%20aperiam,%20eaque%20ipsa%20quae%20ab%20illo%20inventore%20veritatis%20et%20quasi%20architecto%20beatae%20vitae%20dicta%20sunt%20explicabo.%20Nemo%20enim%20ipsam%20voluptatem%20quia%20voluptas%20sit%20aspernatur%20aut%20odit%20aut%20fugit.%0A%3Cbr\/%3E%3Cbr\/%3E%3Cbr\/%3E%0AVivamus%20at%20nibh%20tincidunt,%20bibendum%20ligula%20id.%20Nemo%20enim%20ipsam%20voluptatem%20quiatotam%20rem%20aperiam,%20eaque%20ipsa%20quae%20ab%20illo%20inventore%20veritatis%20et%20quasi%20architecto%20beatae%20vitae%20dicta%20sunt%20explicabo.%0A%3Cbr\/%3E%3Cbr\/%3E%3Cbr\/%3E%0ASed%20ut%20perspiciatis%20unde%20omnis%20iste%20natus%20error%20sit%20voluptatem%20accusantium%20doloremque%20laudantium,%20totam%20rem%20aperiam,%20eaque%20ipsa%20quae%20ab%20illo%20inventore%20veritatis%20et%20quasi%20architecto%20beatae%20vitae%20dicta%20sunt%20explicabo.%20Nemo%20enim%20ipsam%20voluptatem%20quia%20voluptas%20sit%20%0A%3C\/p%3E%0A%3C\/div%3E\"}"],"1442728379833_size":["one"]}