{"ppb_form_data_order":["1442638090959,1435727004866,1442642880232,1442642924782,1442643225914,1442643409975,1442643463661,1442643673490,1442643771408,1442643783985,1442643794571"],"1442638090959_data":["{\"id\":\"1442638090959\",\"shortcode\":\"ppb_image_fullwidth\",\"ppb_image_fullwidth_title\":\"Cover%20Image\",\"ppb_image_fullwidth_slug\":\"\",\"ppb_image_fullwidth_image\":\"http:\/\/themes.themegoods.com\/photography\/demo1\/wp-content\/uploads\/2013\/06\/photo-1438109491414-7198515b166b.jpg\",\"ppb_image_fullwidth_height\":\"500\",\"ppb_image_fullwidth_background_position\":\"top\",\"ppb_image_fullwidth_display_caption\":\"0\",\"ppb_image_fullwidth_padding\":\"0\",\"ppb_image_fullwidth_custom_css\":\"\"}"],"1442638090959_size":["one"],"1435727004866_data":["{\"id\":\"1435727004866\",\"shortcode\":\"ppb_header\",\"ppb_header_title\":\"Rocky%20Island\",\"ppb_header_slug\":\"\",\"ppb_header_subtitle\":\"Lighting%20\/%20Portrait\",\"ppb_header_width\":\"100%25\",\"ppb_header_textalign\":\"left\",\"ppb_header_padding\":\"50\",\"ppb_header_bgcolor\":\"\",\"ppb_header_fontcolor\":\"\",\"ppb_header_custom_css\":\"padding-bottom:%2020px%20!important;\",\"ppb_header_content\":\"A%20gray%20cat%20slinks%20past%20a%20wooden%20house.%20There's%20something%20a%20little%20intimidating%20attempting%20to%20describe\"}"],"1435727004866_size":["one_third"],"1442642880232_data":["{\"id\":\"1442642880232\",\"shortcode\":\"ppb_text\",\"ppb_text_title\":\"Text%20Content\",\"ppb_text_slug\":\"\",\"ppb_text_width\":\"100%25\",\"ppb_text_padding\":\"50\",\"ppb_text_bgcolor\":\"\",\"ppb_text_fontcolor\":\"\",\"ppb_text_custom_css\":\"\",\"ppb_text_content\":\"Sed%20ut%20perspiciatis%20unde%20omnis%20iste%20natus%20error%20sit%20voluptatem%20accusantium%20doloremque%20laudantium,%20totam%20rem%20aperiam,%20eaque%20ipsa%20quae%20ab%20illo%20inventore%20veritatis%20et%20quasi%20architecto%20beatae%20vitae%20dicta%20sunt%20explicabo.%20Nemo%20enim%20ipsam%20voluptatem%20quia%20voluptas%20sit%20aspernatur%20aut%20odit%20aut%20fugit.%20Vivamus%20at%20nibh%20tincidunt,%20bibendum%20ligula%20id.%20Nemo%20enim%20ipsam%20voluptatem%20quiatotam%20rem%20aperiam,%20eaque%20ipsa%20quae%20ab%20illo%20inventore%20veritatis%20et%20quasi%20architecto%20beatae%20vitae%20dicta%20sunt%20explicabo.%20Nemo%20enim%20ipsam%20voluptatem%20quia%20voluptas%20sit%20aspernatur%20aut%20odit%20aut%20fugit.\"}"],"1442642880232_size":["one_third"],"1442642924782_data":["{\"id\":\"1442642924782\",\"shortcode\":\"ppb_text\",\"ppb_text_title\":\"Text%20Content\",\"ppb_text_slug\":\"\",\"ppb_text_width\":\"100%25\",\"ppb_text_padding\":\"50\",\"ppb_text_bgcolor\":\"\",\"ppb_text_fontcolor\":\"\",\"ppb_text_custom_css\":\"\",\"ppb_text_content\":\"Sed%20ut%20perspiciatis%20unde%20omnis%20iste%20natus%20error%20sit%20voluptatem%20accusantium%20doloremque%20laudantium,%20totam%20rem%20aperiam,%20eaque%20ipsa%20quae%20ab%20illo%20inventore%20veritatis%20et%20quasi%20architecto%20beatae%20vitae%20dicta%20sunt%20explicabo.%20Nemo%20enim%20ipsam%20voluptatem%20quia%20voluptas%20sit%20aspernatur%20aut%20odit%20aut%20fugit.%20Vivamus%20at%20nibh%20tincidunt,%20bibendum%20ligula%20id.%20Nemo%20enim%20ipsam%20voluptatem%20quiatotam%20rem%20aperiam,%20eaque%20ipsa%20quae%20ab%20illo%20inventore%20veritatis%20et%20quasi%20architecto%20beatae%20vitae%20dicta%20sunt%20explicabo.%20Nemo%20enim%20ipsam%20voluptatem%20quia%20voluptas%20sit%20aspernatur%20aut%20odit%20aut%20fugit.\"}"],"1442642924782_size":["one_third last"],"1442643225914_data":["{\"id\":\"1442643225914\",\"shortcode\":\"ppb_image_fixed_width\",\"ppb_image_fixed_width_title\":\"Image%201\",\"ppb_image_fixed_width_slug\":\"\",\"ppb_image_fixed_width_image\":\"http:\/\/themes.themegoods.com\/photography\/demo1\/wp-content\/uploads\/2011\/06\/photo-1413920346627-a4389f0abd61.jpg\",\"ppb_image_fixed_width_display_caption\":\"1\",\"ppb_image_fixed_width_padding\":\"0\",\"ppb_image_fixed_width_bgcolor\":\"\",\"ppb_image_fixed_width_custom_css\":\"\"}"],"1442643225914_size":["one"],"1442643409975_data":["{\"id\":\"1442643409975\",\"shortcode\":\"ppb_image_fixed_width\",\"ppb_image_fixed_width_title\":\"Image%202\",\"ppb_image_fixed_width_slug\":\"\",\"ppb_image_fixed_width_image\":\"http:\/\/themes.themegoods.com\/photography\/demo1\/wp-content\/uploads\/2013\/06\/photo-1416838375725-e834a83f62b7.jpg\",\"ppb_image_fixed_width_display_caption\":\"1\",\"ppb_image_fixed_width_padding\":\"0\",\"ppb_image_fixed_width_bgcolor\":\"\",\"ppb_image_fixed_width_custom_css\":\"\"}"],"1442643409975_size":["one"],"1442643463661_data":["{\"id\":\"1442643463661\",\"shortcode\":\"ppb_two_cols_images\",\"ppb_two_cols_images_title\":\"Two%20Images\",\"ppb_two_cols_images_slug\":\"\",\"ppb_two_cols_images_image1\":\"http:\/\/themes.themegoods.com\/photography\/demo1\/wp-content\/uploads\/2013\/07\/hor1.jpg\",\"ppb_two_cols_images_image2\":\"http:\/\/themes.themegoods.com\/photography\/demo1\/wp-content\/uploads\/2013\/07\/hor2.jpg\",\"ppb_two_cols_images_display_caption\":\"0\",\"ppb_two_cols_images_padding\":\"0\",\"ppb_two_cols_images_bgcolor\":\"\",\"ppb_two_cols_images_custom_css\":\"\"}"],"1442643463661_size":["one"],"1442643673490_data":["{\"id\":\"1442643673490\",\"shortcode\":\"ppb_header\",\"ppb_header_title\":\"Our%20Ideas%20&%20Solution%20for%20Customer\",\"ppb_header_slug\":\"\",\"ppb_header_subtitle\":\"\",\"ppb_header_width\":\"100%25\",\"ppb_header_textalign\":\"left\",\"ppb_header_padding\":\"50\",\"ppb_header_bgcolor\":\"\",\"ppb_header_fontcolor\":\"\",\"ppb_header_custom_css\":\"padding-bottom:30px%20!important;\",\"ppb_header_content\":\"\"}"],"1442643673490_size":["one"],"1442643771408_data":["{\"id\":\"1442643771408\",\"shortcode\":\"ppb_text\",\"ppb_text_title\":\"Text%20Content\",\"ppb_text_slug\":\"\",\"ppb_text_width\":\"100%25\",\"ppb_text_padding\":\"0\",\"ppb_text_bgcolor\":\"\",\"ppb_text_fontcolor\":\"\",\"ppb_text_custom_css\":\"\",\"ppb_text_content\":\"Sed%20ut%20perspiciatis%20unde%20omnis%20iste%20natus%20error%20sit%20voluptatem%20accusantium%20doloremque%20laudantium,%20totam%20rem%20aperiam,%20eaque%20ipsa%20quae%20ab%20illo%20inventore%20veritatis%20et%20quasi%20architecto%20beatae%20vitae%20dicta%20sunt%20explicabo.%20Nemo%20enim%20ipsam%20voluptatem%20quia%20voluptas%20sit%20aspernatur%20aut%20odit%20aut%20fugit.%20Vivamus%20at%20nibh%20tincidunt,%20bibendum%20ligula%20id.%20Nemo%20enim%20ipsam%20voluptatem%20quiatotam%20rem%20aperiam,%20eaque%20ipsa%20quae%20ab%20illo%20inventore%20veritatis%20et%20quasi%20architecto%20beatae%20vitae%20dicta%20sunt%20explicabo.%20Nemo%20enim%20ipsam%20voluptatem%20quia%20voluptas%20sit%20aspernatur%20aut%20odit%20aut%20fugit.\"}"],"1442643771408_size":["one_third"],"1442643783985_data":["{\"id\":\"1442643783985\",\"shortcode\":\"ppb_text\",\"ppb_text_title\":\"Text%20Content\",\"ppb_text_slug\":\"\",\"ppb_text_width\":\"100%25\",\"ppb_text_padding\":\"0\",\"ppb_text_bgcolor\":\"\",\"ppb_text_fontcolor\":\"\",\"ppb_text_custom_css\":\"\",\"ppb_text_content\":\"Sed%20ut%20perspiciatis%20unde%20omnis%20iste%20natus%20error%20sit%20voluptatem%20accusantium%20doloremque%20laudantium,%20totam%20rem%20aperiam,%20eaque%20ipsa%20quae%20ab%20illo%20inventore%20veritatis%20et%20quasi%20architecto%20beatae%20vitae%20dicta%20sunt%20explicabo.%20Nemo%20enim%20ipsam%20voluptatem%20quia%20voluptas%20sit%20aspernatur%20aut%20odit%20aut%20fugit.%20Vivamus%20at%20nibh%20tincidunt,%20bibendum%20ligula%20id.%20Nemo%20enim%20ipsam%20voluptatem%20quiatotam%20rem%20aperiam,%20eaque%20ipsa%20quae%20ab%20illo%20inventore%20veritatis%20et%20quasi%20architecto%20beatae%20vitae%20dicta%20sunt%20explicabo.%20Nemo%20enim%20ipsam%20voluptatem%20quia%20voluptas%20sit%20aspernatur%20aut%20odit%20aut%20fugit.\"}"],"1442643783985_size":["one_third"],"1442643794571_data":["{\"id\":\"1442643794571\",\"shortcode\":\"ppb_text\",\"ppb_text_title\":\"Text%20Content\",\"ppb_text_slug\":\"\",\"ppb_text_width\":\"100%25\",\"ppb_text_padding\":\"0\",\"ppb_text_bgcolor\":\"\",\"ppb_text_fontcolor\":\"\",\"ppb_text_custom_css\":\"\",\"ppb_text_content\":\"Sed%20ut%20perspiciatis%20unde%20omnis%20iste%20natus%20error%20sit%20voluptatem%20accusantium%20doloremque%20laudantium,%20totam%20rem%20aperiam,%20eaque%20ipsa%20quae%20ab%20illo%20inventore%20veritatis%20et%20quasi%20architecto%20beatae%20vitae%20dicta%20sunt%20explicabo.%20Nemo%20enim%20ipsam%20voluptatem%20quia%20voluptas%20sit%20aspernatur%20aut%20odit%20aut%20fugit.%20Vivamus%20at%20nibh%20tincidunt,%20bibendum%20ligula%20id.%20Nemo%20enim%20ipsam%20voluptatem%20quiatotam%20rem%20aperiam,%20eaque%20ipsa%20quae%20ab%20illo%20inventore%20veritatis%20et%20quasi%20architecto%20beatae%20vitae%20dicta%20sunt%20explicabo.%20Nemo%20enim%20ipsam%20voluptatem%20quia%20voluptas%20sit%20aspernatur%20aut%20odit%20aut%20fugit.\"}"],"1442643794571_size":["one_third last"]}