{"ppb_form_data_order":["1443619433066,1443688670422,1443688737281,1443689438476,1443689496467,1443688479249,1443690763203,1443706791177,1443706875766,1443706924366,1443706938664,1443707204670,1443707407890,1443707463318,1443707492490,1443707616735,1443707664626"],"1443619433066_data":["{\"id\":\"1443619433066\",\"shortcode\":\"ppb_revslider\",\"ppb_revslider_title\":\"Slider\",\"ppb_revslider_slug\":\"\",\"ppb_revslider_slider_id\":\"home-11-slider\",\"ppb_revslider_display\":\"normal\"}"],"1443619433066_size":["one"],"1443688670422_data":["{\"id\":\"1443688670422\",\"shortcode\":\"ppb_header\",\"ppb_header_title\":\"We%20are%20world%20class%20team%20building%20wonderful%20products\",\"ppb_header_slug\":\"intro\",\"ppb_header_subtitle\":\"\",\"ppb_header_width\":\"70%25\",\"ppb_header_textalign\":\"center\",\"ppb_header_padding\":\"50\",\"ppb_header_bgcolor\":\"\",\"ppb_header_fontcolor\":\"\",\"ppb_header_custom_css\":\"padding-bottom:0%20!important;\",\"ppb_header_content\":\"A%20gray%20cat%20slinks%20past%20a%20wooden%20house.%20%0AThere%E2%80%99s%20something%20a%20little%20intimidating%20attempting%20to%20describe.%0A%3Cp%3E%C2%A0%3C\/p%3E%0A%3Cimg%20src=%22http:\/\/themes.themegoods.com\/photography\/demo1\/wp-content\/uploads\/2015\/09\/signature.png%22%20alt=%22%22%20\/%3E\"}"],"1443688670422_size":["one"],"1443688737281_data":["{\"id\":\"1443688737281\",\"shortcode\":\"ppb_text\",\"ppb_text_title\":\"Text%20Content\",\"ppb_text_slug\":\"\",\"ppb_text_width\":\"100%25\",\"ppb_text_padding\":\"50\",\"ppb_text_bgcolor\":\"\",\"ppb_text_fontcolor\":\"\",\"ppb_text_custom_css\":\"\",\"ppb_text_content\":\"%3Cimg%20src=%22http:\/\/themes.themegoods.com\/photography\/demo1\/wp-content\/uploads\/2015\/06\/person-woman-hand-smartphone-960x636.jpg%22%20alt=%22%22%20\/%3E%3Cbr\/%3E%0A%3Ch5%3EWeb%20Design%3C\/h5%3E%0ASed%20ut%20perspiciatis%20unde%20omnis%20iste%20natus%20error%20sit%20voluptatem%20accusantium%20doloremque%20laudantium,%20totam%20rem%20aperiam,%20eaque%20ipsa%20quae%20ab%20illo%20inventore%20%20veritatis%20et%20quasi%20architecto%20beatae%20vitae%20dicta.\"}"],"1443688737281_size":["one_third"],"1443689438476_data":["{\"id\":\"1443689438476\",\"shortcode\":\"ppb_text\",\"ppb_text_title\":\"Text%20Content\",\"ppb_text_slug\":\"\",\"ppb_text_width\":\"100%25\",\"ppb_text_padding\":\"50\",\"ppb_text_bgcolor\":\"\",\"ppb_text_fontcolor\":\"\",\"ppb_text_custom_css\":\"\",\"ppb_text_content\":\"%3Cimg%20src=%22http:\/\/themes.themegoods.com\/photography\/demo1\/wp-content\/uploads\/2015\/07\/people-woman-coffee-meeting-960x636.jpg%22%20alt=%22%22%20\/%3E%3Cbr\/%3E%0A%3Ch5%3EAwesome%20Support%3C\/h5%3E%0ASed%20ut%20perspiciatis%20unde%20omnis%20iste%20natus%20error%20sit%20voluptatem%20accusantium%20doloremque%20laudantium,%20totam%20rem%20aperiam,%20eaque%20ipsa%20quae%20ab%20illo%20inventore%20%20veritatis%20et%20quasi%20architecto%20beatae%20vitae%20dicta.\"}"],"1443689438476_size":["one_third"],"1443689496467_data":["{\"id\":\"1443689496467\",\"shortcode\":\"ppb_text\",\"ppb_text_title\":\"Text%20Content\",\"ppb_text_slug\":\"\",\"ppb_text_width\":\"100%25\",\"ppb_text_padding\":\"50\",\"ppb_text_bgcolor\":\"\",\"ppb_text_fontcolor\":\"\",\"ppb_text_custom_css\":\"\",\"ppb_text_content\":\"%3Cimg%20src=%22http:\/\/themes.themegoods.com\/photography\/demo1\/wp-content\/uploads\/2015\/06\/camera-photography-vintage-photo-960x636.jpg%22%20alt=%22%22%20\/%3E%3Cbr\/%3E%0A%3Ch5%3EHigh%20Quality%20Products%3C\/h5%3E%0ASed%20ut%20perspiciatis%20unde%20omnis%20iste%20natus%20error%20sit%20voluptatem%20accusantium%20doloremque%20laudantium,%20totam%20rem%20aperiam,%20eaque%20ipsa%20quae%20ab%20illo%20inventore%20%20veritatis%20et%20quasi%20architecto%20beatae%20vitae%20dicta.\"}"],"1443689496467_size":["one_third last"],"1443688479249_data":["{\"id\":\"1443688479249\",\"shortcode\":\"ppb_image_half_fullwidth\",\"ppb_image_half_fullwidth_title\":\"Travel%20&%20Lifestyle\",\"ppb_image_half_fullwidth_slug\":\"\",\"ppb_image_half_fullwidth_subtitle\":\"20%20high%20quality%20images\",\"ppb_image_half_fullwidth_image\":\"http:\/\/themes.themegoods.com\/photography\/demo1\/wp-content\/uploads\/2013\/07\/photography_4.jpg\",\"ppb_image_half_fullwidth_height\":\"700\",\"ppb_image_half_fullwidth_align\":\"left\",\"ppb_image_half_fullwidth_padding\":\"80\",\"ppb_image_half_fullwidth_bgcolor\":\"#222222\",\"ppb_image_half_fullwidth_fontcolor\":\"#ffffff\",\"ppb_image_half_fullwidth_custom_css\":\"\",\"ppb_image_half_fullwidth_content\":\"%3Cdiv%20class=%22ppb_header_content%22%3E%3Cp%3EA%20gray%20cat%20slinks%20past%20a%20wooden%20house.%3Cbr\/%3EThere%E2%80%99s%20something%20a%20little%20intimidating%3Cbr\/%3Eattempting%20to%20describe%3C\/p%3E%0A%3C\/div%3E%0A%3Cdiv%20style=%22margin-top:20px%22%3E%0A%3Cp%3E%0ASed%20ut%20perspiciatis%20unde%20omnis%20iste%20natus%20error%20sit%20voluptatem%20accusantium%20doloremque%20laudantium,%20totam%20rem%20aperiam,%20eaque%20ipsa%20quae%20ab%20illo%20inventore%20veritatis%20et%20quasi%20architecto%20beatae%20vitae%20dicta%20sunt%20explicabo.%20Nemo%20enim%20ipsam%20voluptatem%20quia%20voluptas%20sit%20aspernatur%20aut%20odit%20aut%20fugit.%20Vivamus%20at%20nibh%20tincidunt,%20bibendum%20ligula%20id.%20Nemo%20enim%20ipsam%20voluptatem%20quiatotam%20rem%20aperiam,%20eaque%20ipsa%20quae%20ab%20illo%20inventore%20veritatis%20et%20quasi%20architecto%20beatae%20vitae%20dicta%20sunt%20explicabo.%0A%3C\/p%3E%0A%3C\/div%3E%0A%3Cdiv%20style=%22margin-top:30px%22%3E%0A%3Ca%20href=%22http:\/\/themes.themegoods.com\/photography\/demo1\/galleries\/fullscreen-gallery-cover\/%22%20class=%22button%20ghost%20white%22%3EView%20Gallery%3C\/a%3E%0A%3C\/div%3E\"}"],"1443688479249_size":["one"],"1443690763203_data":["{\"id\":\"1443690763203\",\"shortcode\":\"ppb_header\",\"ppb_header_title\":\"Our%20World%20Class%20Works\",\"ppb_header_slug\":\"portfolio\",\"ppb_header_subtitle\":\"\",\"ppb_header_width\":\"70%25\",\"ppb_header_textalign\":\"center\",\"ppb_header_padding\":\"50\",\"ppb_header_bgcolor\":\"\",\"ppb_header_fontcolor\":\"\",\"ppb_header_custom_css\":\"\",\"ppb_header_content\":\"Sed%20ut%20perspiciatis%20unde%20omnis%20iste%20natus%20error%20sit%20voluptatem%20accusantium%0Adoloremque%20laudantium,%20totam%20rem%20aperiam,%20eaque%20ipsa%20quae%20ab%20illo%20inventore%20veritatis%20et%20quasi%0Aarchitecto%20beatae%20vitae%20dicta%20sunt%20explicabo.%20Nemo%20enim%20ipsam%20voluptatem%20quia%20voluptas\"}"],"1443690763203_size":["one"],"1443706791177_data":["{\"id\":\"1443706791177\",\"shortcode\":\"ppb_portfolio_grid\",\"ppb_portfolio_grid_title\":\"Portfolio%20Grid\",\"ppb_portfolio_grid_slug\":\"\",\"ppb_portfolio_grid_filterable\":\"display\",\"ppb_portfolio_grid_cat\":\"\",\"ppb_portfolio_grid_layout\":\"wide\",\"ppb_portfolio_grid_columns\":\"3\",\"ppb_portfolio_grid_order\":\"default\",\"ppb_portfolio_grid_items\":\"9\",\"ppb_portfolio_grid_items_ini\":\"0\",\"ppb_portfolio_grid_custom_css\":\"\"}"],"1443706791177_size":["one"],"1443706875766_data":["{\"id\":\"1443706875766\",\"shortcode\":\"ppb_header\",\"ppb_header_title\":\"Our%20Customers\",\"ppb_header_slug\":\"testimonials\",\"ppb_header_subtitle\":\"Trusted%20by%2090,000+%20Customers\",\"ppb_header_width\":\"100%25\",\"ppb_header_textalign\":\"center\",\"ppb_header_padding\":\"50\",\"ppb_header_bgcolor\":\"\",\"ppb_header_fontcolor\":\"\",\"ppb_header_custom_css\":\"padding-bottom:%200%20!important;\",\"ppb_header_content\":\"\"}"],"1443706875766_size":["one"],"1443706924366_data":["{\"id\":\"1443706924366\",\"shortcode\":\"ppb_testimonial_slider\",\"ppb_testimonial_slider_title\":\"Testimonials%20Slider\",\"ppb_testimonial_slider_slug\":\"\",\"ppb_testimonial_slider_cat\":\"\",\"ppb_testimonial_slider_items\":\"3\",\"ppb_testimonial_slider_bgcolor\":\"\",\"ppb_testimonial_slider_fontcolor\":\"\",\"ppb_testimonial_slider_background\":\"\",\"ppb_testimonial_slider_custom_css\":\"\"}"],"1443706924366_size":["one"],"1443706938664_data":["{\"id\":\"1443706938664\",\"shortcode\":\"ppb_text\",\"ppb_text_title\":\"Line%20Break\",\"ppb_text_slug\":\"\",\"ppb_text_width\":\"100%25\",\"ppb_text_padding\":\"30\",\"ppb_text_bgcolor\":\"\",\"ppb_text_fontcolor\":\"\",\"ppb_text_custom_css\":\"\",\"ppb_text_content\":\"%3Chr\/%3E\"}"],"1443706938664_size":["one"],"1443707204670_data":["{\"id\":\"1443707204670\",\"shortcode\":\"ppb_testimonial_column\",\"ppb_testimonial_column_title\":\"Testimonials%20Columns\",\"ppb_testimonial_column_slug\":\"\",\"ppb_testimonial_column_columns\":\"2\",\"ppb_testimonial_column_cat\":\"\",\"ppb_testimonial_column_items\":\"4\",\"ppb_testimonial_column_padding\":\"30\",\"ppb_testimonial_column_bgcolor\":\"\",\"ppb_testimonial_column_fontcolor\":\"\",\"ppb_testimonial_column_custom_css\":\"\"}"],"1443707204670_size":["one"],"1443707407890_data":["{\"id\":\"1443707407890\",\"shortcode\":\"ppb_image_parallax\",\"ppb_image_parallax_title\":\"Parallax\",\"ppb_image_parallax_slug\":\"\",\"ppb_image_parallax_image\":\"http:\/\/themes.themegoods.com\/photography\/demo1\/wp-content\/uploads\/2015\/07\/4575979c.jpg\",\"ppb_image_parallax_height\":\"500\",\"ppb_image_parallax_custom_css\":\"\"}"],"1443707407890_size":["one"],"1443707463318_data":["{\"id\":\"1443707463318\",\"shortcode\":\"ppb_header\",\"ppb_header_title\":\"Latest%20News\",\"ppb_header_slug\":\"blog\",\"ppb_header_subtitle\":\"\",\"ppb_header_width\":\"70%25\",\"ppb_header_textalign\":\"center\",\"ppb_header_padding\":\"50\",\"ppb_header_bgcolor\":\"\",\"ppb_header_fontcolor\":\"\",\"ppb_header_custom_css\":\"\",\"ppb_header_content\":\"Sed%20ut%20perspiciatis%20unde%20omnis%20iste%20natus%20error%20sit%20voluptatem%20accusantium%0Adoloremque%20laudantium,%20totam%20rem%20aperiam,%20eaque%20ipsa%20quae%20ab%20illo%20inventore%20veritatis%20et%20quasi%0Aarchitecto%20beatae%20vitae%20dicta%20sunt%20explicabo.%20Nemo%20enim%20ipsam%20voluptatem%20quia%20voluptas\"}"],"1443707463318_size":["one"],"1443707492490_data":["{\"id\":\"1443707492490\",\"shortcode\":\"ppb_blog_grid\",\"ppb_blog_grid_title\":\"Blog%20Grid\",\"ppb_blog_grid_slug\":\"\",\"ppb_blog_grid_cat\":\"\",\"ppb_blog_grid_items\":\"3\",\"ppb_blog_grid_padding\":\"0\",\"ppb_blog_grid_link_title\":\"View%20Recent%20Posts\",\"ppb_blog_grid_link_url\":\"http:\/\/themes.themegoods.com\/photography\/demo1\/blog\/blog-right-sidebar\/?slider=slider\",\"ppb_blog_grid_custom_css\":\"\"}"],"1443707492490_size":["one"],"1443707616735_data":["{\"id\":\"1443707616735\",\"shortcode\":\"ppb_header\",\"ppb_header_title\":\"Contact%20Us\",\"ppb_header_slug\":\"contact\",\"ppb_header_subtitle\":\"\",\"ppb_header_width\":\"70%25\",\"ppb_header_textalign\":\"center\",\"ppb_header_padding\":\"50\",\"ppb_header_bgcolor\":\"\",\"ppb_header_fontcolor\":\"\",\"ppb_header_custom_css\":\"\",\"ppb_header_content\":\"Sed%20ut%20perspiciatis%20unde%20omnis%20iste%20natus%20error%20sit%20voluptatem%20accusantium%0Adoloremque%20laudantium,%20totam%20rem%20aperiam,%20eaque%20ipsa%20quae%20ab%20illo%20inventore%20veritatis%20et%20quasi%0Aarchitecto%20beatae%20vitae%20dicta%20sunt%20explicabo.%20Nemo%20enim%20ipsam%20voluptatem%20quia%20voluptas\"}"],"1443707616735_size":["one"],"1443707664626_data":["{\"id\":\"1443707664626\",\"shortcode\":\"ppb_contact_sidebar\",\"ppb_contact_sidebar_title\":\"\",\"ppb_contact_sidebar_slug\":\"\",\"ppb_contact_sidebar_subtitle\":\"\",\"ppb_contact_sidebar_sidebar\":\"Contact%203%20Sidebar\",\"ppb_contact_sidebar_sidebar_layout\":\"left\",\"ppb_contact_sidebar_padding\":\"0\",\"ppb_contact_sidebar_custom_css\":\"\",\"ppb_contact_sidebar_content\":\"%5Btg_map%20width=%221200%22%20height=%22400%22%20lat=%2251.508823%22%20long=%22-0.127802%22%20zoom=%2214%22%20popup=%22%22%20marker=%22%22%5D%0A%3Cp%3E%C2%A0%3C\/p%3E\"}"],"1443707664626_size":["one"]}