{"ppb_form_data_order":["1443517059681,1443422721267,1443422784144,1443422870061,1443422936177,1443422971221,1443423008943,1443517183576,1443517456616,1443517487295"],"1443517059681_data":["{\"id\":\"1443517059681\",\"shortcode\":\"ppb_revslider\",\"ppb_revslider_title\":\"Header%20Image\",\"ppb_revslider_slug\":\"\",\"ppb_revslider_slider_id\":\"service-slider\",\"ppb_revslider_display\":\"normal\"}"],"1443517059681_size":["one"],"1443422721267_data":["{\"id\":\"1443422721267\",\"shortcode\":\"ppb_text\",\"ppb_text_title\":\"Responsive%20Layout\",\"ppb_text_slug\":\"\",\"ppb_text_width\":\"100%25\",\"ppb_text_padding\":\"50\",\"ppb_text_bgcolor\":\"\",\"ppb_text_fontcolor\":\"\",\"ppb_text_custom_css\":\"margin-bottom:%200%20!important;\",\"ppb_text_content\":\"%3Ch5%3EResponsive%20Layout%3C\/h5%3E%0ASed%20ut%20perspiciatis%20unde%20omnis%20iste%20natus%20error%20sit%20voluptatem%20accusantium%20doloremque%20laudantium,%20totam%20rem%20aperiam,%20eaque%20ipsa%20quae%20ab%20illo%20inventore%20%20veritatis%20et%20quasi%20architecto%20beatae%20vitae%20dicta.\"}"],"1443422721267_size":["one_third"],"1443422784144_data":["{\"id\":\"1443422784144\",\"shortcode\":\"ppb_text\",\"ppb_text_title\":\"Theme%20Customizer\",\"ppb_text_slug\":\"\",\"ppb_text_width\":\"100%25\",\"ppb_text_padding\":\"50\",\"ppb_text_bgcolor\":\"\",\"ppb_text_fontcolor\":\"\",\"ppb_text_custom_css\":\"margin-bottom:%200%20!important;\",\"ppb_text_content\":\"%3Ch5%3ETheme%20Customizer%3C\/h5%3E%0ASed%20ut%20perspiciatis%20unde%20omnis%20iste%20natus%20error%20sit%20voluptatem%20accusantium%20doloremque%20laudantium,%20totam%20rem%20aperiam,%20eaque%20ipsa%20quae%20ab%20illo%20inventore%20%20veritatis%20et%20quasi%20architecto%20beatae%20vitae%20dicta.\"}"],"1443422784144_size":["one_third"],"1443422870061_data":["{\"id\":\"1443422870061\",\"shortcode\":\"ppb_text\",\"ppb_text_title\":\"Mobile%20Compatibility\",\"ppb_text_slug\":\"\",\"ppb_text_width\":\"100%25\",\"ppb_text_padding\":\"50\",\"ppb_text_bgcolor\":\"\",\"ppb_text_fontcolor\":\"\",\"ppb_text_custom_css\":\"margin-bottom:%200%20!important;\",\"ppb_text_content\":\"%3Ch5%3EMobile%20Compatibility%3C\/h5%3E%0ASed%20ut%20perspiciatis%20unde%20omnis%20iste%20natus%20error%20sit%20voluptatem%20accusantium%20doloremque%20laudantium,%20totam%20rem%20aperiam,%20eaque%20ipsa%20quae%20ab%20illo%20inventore%20%20veritatis%20et%20quasi%20architecto%20beatae%20vitae%20dicta.\"}"],"1443422870061_size":["one_third last"],"1443422936177_data":["{\"id\":\"1443422936177\",\"shortcode\":\"ppb_text\",\"ppb_text_title\":\"Awesome%20Support\",\"ppb_text_slug\":\"\",\"ppb_text_width\":\"100%25\",\"ppb_text_padding\":\"50\",\"ppb_text_bgcolor\":\"\",\"ppb_text_fontcolor\":\"\",\"ppb_text_custom_css\":\"padding-top:%200%20!important;\",\"ppb_text_content\":\"%3Ch5%3EAwesome%20Support%3C\/h5%3E%0ASed%20ut%20perspiciatis%20unde%20omnis%20iste%20natus%20error%20sit%20voluptatem%20accusantium%20doloremque%20laudantium,%20totam%20rem%20aperiam,%20eaque%20ipsa%20quae%20ab%20illo%20inventore%20%20veritatis%20et%20quasi%20architecto%20beatae%20vitae%20dicta.\"}"],"1443422936177_size":["one_third"],"1443422971221_data":["{\"id\":\"1443422971221\",\"shortcode\":\"ppb_text\",\"ppb_text_title\":\"Infinite%20Gallery\",\"ppb_text_slug\":\"\",\"ppb_text_width\":\"100%25\",\"ppb_text_padding\":\"50\",\"ppb_text_bgcolor\":\"\",\"ppb_text_fontcolor\":\"\",\"ppb_text_custom_css\":\"padding-top:%200%20!important;\",\"ppb_text_content\":\"%3Ch5%3EInfinite%20Gallery%3C\/h5%3E%0ASed%20ut%20perspiciatis%20unde%20omnis%20iste%20natus%20error%20sit%20voluptatem%20accusantium%20doloremque%20laudantium,%20totam%20rem%20aperiam,%20eaque%20ipsa%20quae%20ab%20illo%20inventore%20%20veritatis%20et%20quasi%20architecto%20beatae%20vitae%20dicta.\"}"],"1443422971221_size":["one_third"],"1443423008943_data":["{\"id\":\"1443423008943\",\"shortcode\":\"ppb_text\",\"ppb_text_title\":\"Easy%20To%20Use\",\"ppb_text_slug\":\"\",\"ppb_text_width\":\"100%25\",\"ppb_text_padding\":\"50\",\"ppb_text_bgcolor\":\"\",\"ppb_text_fontcolor\":\"\",\"ppb_text_custom_css\":\"padding-top:%200%20!important;\",\"ppb_text_content\":\"%3Ch5%3EEasy%20To%20Use%3C\/h5%3E%0ASed%20ut%20perspiciatis%20unde%20omnis%20iste%20natus%20error%20sit%20voluptatem%20accusantium%20doloremque%20laudantium,%20totam%20rem%20aperiam,%20eaque%20ipsa%20quae%20ab%20illo%20inventore%20%20veritatis%20et%20quasi%20architecto%20beatae%20vitae%20dicta.\"}"],"1443423008943_size":["one_third last"],"1443517183576_data":["{\"id\":\"1443517183576\",\"shortcode\":\"ppb_text\",\"ppb_text_title\":\"Line%20Break\",\"ppb_text_slug\":\"\",\"ppb_text_width\":\"100%25\",\"ppb_text_padding\":\"30\",\"ppb_text_bgcolor\":\"\",\"ppb_text_fontcolor\":\"\",\"ppb_text_custom_css\":\"\",\"ppb_text_content\":\"%3Chr\/%3E\"}"],"1443517183576_size":["one"],"1443517456616_data":["{\"id\":\"1443517456616\",\"shortcode\":\"ppb_header\",\"ppb_header_title\":\"We%20are%20world%20class%20team%20building%20wonderful%20products\",\"ppb_header_slug\":\"\",\"ppb_header_subtitle\":\"\",\"ppb_header_width\":\"70%25\",\"ppb_header_textalign\":\"center\",\"ppb_header_padding\":\"30\",\"ppb_header_bgcolor\":\"\",\"ppb_header_fontcolor\":\"\",\"ppb_header_custom_css\":\"padding-bottom:0%20!important;\",\"ppb_header_content\":\"A%20gray%20cat%20slinks%20past%20a%20wooden%20house.%20%0AThere%E2%80%99s%20something%20a%20little%20intimidating%20attempting%20to%20describe.%0A%3Cp%3E%C2%A0%3C\/p%3E%0A%3Cimg%20src=%22http:\/\/themes.themegoods.com\/photography\/demo1\/wp-content\/uploads\/2015\/09\/signature.png%22%20alt=%22%22%20\/%3E\"}"],"1443517456616_size":["one"],"1443517487295_data":["{\"id\":\"1443517487295\",\"shortcode\":\"ppb_image_fullwidth\",\"ppb_image_fullwidth_title\":\"Background%20Image\",\"ppb_image_fullwidth_slug\":\"\",\"ppb_image_fullwidth_image\":\"http:\/\/themes.themegoods.com\/photography\/demo1\/wp-content\/uploads\/2015\/09\/city-sunny-couple-love.jpg\",\"ppb_image_fullwidth_height\":\"600\",\"ppb_image_fullwidth_background_position\":\"bottom\",\"ppb_image_fullwidth_display_caption\":\"0\",\"ppb_image_fullwidth_padding\":\"0\",\"ppb_image_fullwidth_custom_css\":\"\"}"],"1443517487295_size":["one"]}