{"ppb_form_data_order":["1443510280857,1443510510756,1443510571765,1443510635693,1443510688913,1443510874059,1443513425505,1443513160420,1443513205950,1443513367724"],"1443510280857_data":["{\"id\":\"1443510280857\",\"shortcode\":\"ppb_revslider\",\"ppb_revslider_title\":\"Header%20Image\",\"ppb_revslider_slug\":\"\",\"ppb_revslider_slider_id\":\"about-me-header\",\"ppb_revslider_display\":\"normal\"}"],"1443510280857_size":["one"],"1443510510756_data":["{\"id\":\"1443510510756\",\"shortcode\":\"ppb_header\",\"ppb_header_title\":\"About%20Me\",\"ppb_header_slug\":\"\",\"ppb_header_subtitle\":\"\",\"ppb_header_width\":\"100%25\",\"ppb_header_textalign\":\"left\",\"ppb_header_padding\":\"50\",\"ppb_header_bgcolor\":\"\",\"ppb_header_fontcolor\":\"\",\"ppb_header_custom_css\":\"\",\"ppb_header_content\":\"A%20gray%20cat%20slinks%20past%20a%20wooden%20house.%20There's%20something%20a%20little%20intimidating%20%20attempting%20to%20describe\"}"],"1443510510756_size":["one_third"],"1443510571765_data":["{\"id\":\"1443510571765\",\"shortcode\":\"ppb_text\",\"ppb_text_title\":\"Text%20Content\",\"ppb_text_slug\":\"\",\"ppb_text_width\":\"100%25\",\"ppb_text_padding\":\"50\",\"ppb_text_bgcolor\":\"\",\"ppb_text_fontcolor\":\"\",\"ppb_text_custom_css\":\"\",\"ppb_text_content\":\"Sed%20ut%20perspiciatis%20unde%20omnis%20iste%20natus%20error%20sit%20voluptatem%20accusantium%20doloremque%20laudantium,%20totam%20rem%20aperiam,%20eaque%20ipsa%20quae%20ab%20illo%20inventore%20veritatis%20et%20quasi%20architecto%20beatae%20vitae%20dicta%20sunt%20explicabo.%20Nemo%20%20enim%20ipsam%20voluptatem%20quia%20voluptas%20sit%20aspernatur%20aut%20odit%20aut%20fugit.%20Vivamus%20at%20nibh%20tincidunt,%20bibendum%20ligula%20id.%20Nemo%20enim%20ipsam%20voluptatem%20quiatotam%20rem%20aperiam,%20eaque%20ipsa%20quae%20ab%20illo%20inventore%20veritatis%20et%20quasi%20architecto%20beatae%20vitae%20dicta%20sunt%20explicabo.%20Nemo%20enim%20ipsam%20voluptatem%20quia%20voluptas%20sit%20aspernatur%20aut%20odit%20aut%20fugitminim%20veniam,%20quis%20nostrud%20exercitation.%0A%0ALorem%20ipsum%20dolor%20sit%20amet,%20consectetur%20adipisicing%20elit,%20sed%20do%20eiusmod%20tempor%20incididunt%20ut%20labore%20et%20dolore%20magna%20aliqua.%20Ut%20enim%20ad%20minim%20veniam,%20quis%20nostrud%20exercitation%20ullamco%20laboris%20nisi%20ut%20aliquip%20ex%20ea%20commodo%20consequat%20incididunt%20ut%20labore%20et%20dolore%20magna%20aliqua.%20\"}"],"1443510571765_size":["two_third last"],"1443510635693_data":["{\"id\":\"1443510635693\",\"shortcode\":\"ppb_portfolio_grid\",\"ppb_portfolio_grid_title\":\"Portfolio\",\"ppb_portfolio_grid_slug\":\"\",\"ppb_portfolio_grid_filterable\":\"hide\",\"ppb_portfolio_grid_cat\":\"\",\"ppb_portfolio_grid_layout\":\"wide\",\"ppb_portfolio_grid_columns\":\"4\",\"ppb_portfolio_grid_order\":\"default\",\"ppb_portfolio_grid_items\":\"12\",\"ppb_portfolio_grid_items_ini\":\"0\",\"ppb_portfolio_grid_custom_css\":\"\"}"],"1443510635693_size":["one"],"1443510688913_data":["{\"id\":\"1443510688913\",\"shortcode\":\"ppb_header\",\"ppb_header_title\":\"Skills\",\"ppb_header_slug\":\"\",\"ppb_header_subtitle\":\"\",\"ppb_header_width\":\"100%25\",\"ppb_header_textalign\":\"left\",\"ppb_header_padding\":\"50\",\"ppb_header_bgcolor\":\"\",\"ppb_header_fontcolor\":\"\",\"ppb_header_custom_css\":\"\",\"ppb_header_content\":\"Lorem%20ipsum%20dolor%20sit%20amet,%20consectetur%20adipisicing%20elit,%20sed%20do%20eiusmod%20tempor%20incididunt%20ut%20labore%20et%20dolore%20magna%20aliqua.\"}"],"1443510688913_size":["one_third"],"1443510874059_data":["{\"id\":\"1443510874059\",\"shortcode\":\"ppb_text\",\"ppb_text_title\":\"Text%20Content\",\"ppb_text_slug\":\"\",\"ppb_text_width\":\"100%25\",\"ppb_text_padding\":\"50\",\"ppb_text_bgcolor\":\"\",\"ppb_text_fontcolor\":\"\",\"ppb_text_custom_css\":\"\",\"ppb_text_content\":\"%5Btg_animate_bar%20percent=%2290%22%20color=%22#222222%22%20height=%223%22%5DPHP%20&%20Wordpress%5B\/tg_animate_bar%5D%5Btg_animate_bar%20percent=%2280%22%20color=%22#222222%22%20height=%223%22%5DHTML%5B\/tg_animate_bar%5D%5Btg_animate_bar%20percent=%2270%22%20color=%22#222222%22%20height=%223%22%5DCSS%5B\/tg_animate_bar%5D%5Btg_animate_bar%20percent=%2265%22%20color=%22#222222%22%20height=%223%22%5DPhotoshop%5B\/tg_animate_bar%5D\"}"],"1443510874059_size":["two_third last"],"1443513425505_data":["{\"id\":\"1443513425505\",\"shortcode\":\"ppb_text\",\"ppb_text_title\":\"Line%20Break\",\"ppb_text_slug\":\"\",\"ppb_text_width\":\"100%25\",\"ppb_text_padding\":\"0\",\"ppb_text_bgcolor\":\"\",\"ppb_text_fontcolor\":\"\",\"ppb_text_custom_css\":\"\",\"ppb_text_content\":\"%3Chr\/%3E\"}"],"1443513425505_size":["one"],"1443513160420_data":["{\"id\":\"1443513160420\",\"shortcode\":\"ppb_header\",\"ppb_header_title\":\"Experience\",\"ppb_header_slug\":\"\",\"ppb_header_subtitle\":\"\",\"ppb_header_width\":\"100%25\",\"ppb_header_textalign\":\"left\",\"ppb_header_padding\":\"50\",\"ppb_header_bgcolor\":\"\",\"ppb_header_fontcolor\":\"\",\"ppb_header_custom_css\":\"\",\"ppb_header_content\":\"Lorem%20ipsum%20dolor%20sit%20amet,%20consectetur%20adipisicing%20elit,%20sed%20do%20eiusmod%20tempor%20incididunt%20ut%20labore%20et%20dolore%20magna%20aliqua.\"}"],"1443513160420_size":["one_third"],"1443513205950_data":["{\"id\":\"1443513205950\",\"shortcode\":\"ppb_text\",\"ppb_text_title\":\"Text%20Content\",\"ppb_text_slug\":\"\",\"ppb_text_width\":\"100%25\",\"ppb_text_padding\":\"50\",\"ppb_text_bgcolor\":\"\",\"ppb_text_fontcolor\":\"\",\"ppb_text_custom_css\":\"\",\"ppb_text_content\":\"%3Cstrong%3EThemeGoods%20Inc.%3C\/strong%3E%0A%3Cbr\/%3E%0ASed%20ut%20perspiciatis%20unde%20omnis%20iste%20natus%20error%20sit%20voluptatem%20accusantium%20doloremque%20laudantium,%20totam%20rem%20aperiam,%20eaque%20ipsa%20quae%20ab%0A%0A%3Cbr\/%3E%0A%0A%3Cstrong%3EDesignmodo%20Corp.%3C\/strong%3E%0A%3Cbr\/%3E%0ASed%20ut%20perspiciatis%20unde%20omnis%20iste%20natus%20error%20sit%20voluptatem%20accusantium%20doloremque%20laudantium,%20totam%20rem%20aperiam,%20eaque%20ipsa%20quae%20ab\"}"],"1443513205950_size":["one_third"],"1443513367724_data":["{\"id\":\"1443513367724\",\"shortcode\":\"ppb_text\",\"ppb_text_title\":\"Text%20Content\",\"ppb_text_slug\":\"\",\"ppb_text_width\":\"100%25\",\"ppb_text_padding\":\"50\",\"ppb_text_bgcolor\":\"\",\"ppb_text_fontcolor\":\"\",\"ppb_text_custom_css\":\"\",\"ppb_text_content\":\"%3Cstrong%3EEnvato%20Co.%3C\/strong%3E%0A%3Cbr\/%3E%0ASed%20ut%20perspiciatis%20unde%20omnis%20iste%20natus%20error%20sit%20voluptatem%20accusantium%20doloremque%20laudantium,%20totam%20rem%20aperiam,%20eaque%20ipsa%20quae%20ab%0A%0A%3Cbr\/%3E%0A%0A%3Cstrong%3EWordPress%20Corp.%3C\/strong%3E%0A%3Cbr\/%3E%0ASed%20ut%20perspiciatis%20unde%20omnis%20iste%20natus%20error%20sit%20voluptatem%20accusantium%20doloremque%20laudantium,%20totam%20rem%20aperiam,%20eaque%20ipsa%20quae%20ab\"}"],"1443513367724_size":["one_third last"]}