{"ppb_form_data_order":["1442664300193,1435727004866,1442664653826,1442664688838,1442664765573,1442664883069,1442665018436,1442665097922,1442665129073,1442665173995,1442665184044"],"1442664300193_data":["{\"id\":\"1442664300193\",\"shortcode\":\"ppb_gallery_horizontal\",\"ppb_gallery_horizontal_title\":\"Cover%20Gallery\",\"ppb_gallery_horizontal_gallery\":\"4674\",\"ppb_gallery_horizontal_items\":\"30\",\"ppb_gallery_horizontal_display_caption\":\"0\",\"ppb_gallery_horizontal_custom_css\":\"\"}"],"1442664300193_size":["one"],"1435727004866_data":["{\"id\":\"1435727004866\",\"shortcode\":\"ppb_header\",\"ppb_header_title\":\"Lovely%20Couple\",\"ppb_header_slug\":\"\",\"ppb_header_subtitle\":\"Portrait%20\/%20Beauty\",\"ppb_header_width\":\"70%25\",\"ppb_header_textalign\":\"center\",\"ppb_header_padding\":\"50\",\"ppb_header_bgcolor\":\"\",\"ppb_header_fontcolor\":\"\",\"ppb_header_custom_css\":\"padding-bottom:%200px%20!important;\",\"ppb_header_content\":\"A%20gray%20cat%20slinks%20past%20a%20wooden%20house.%20There's%0Asomething%20a%20little%20intimidating%20attempting%20to%20describe\"}"],"1435727004866_size":["one"],"1442664653826_data":["{\"id\":\"1442664653826\",\"shortcode\":\"ppb_text\",\"ppb_text_title\":\"Line%20Break\",\"ppb_text_slug\":\"\",\"ppb_text_width\":\"70%25\",\"ppb_text_padding\":\"30\",\"ppb_text_bgcolor\":\"\",\"ppb_text_fontcolor\":\"\",\"ppb_text_custom_css\":\"\",\"ppb_text_content\":\"%3Chr\/%3E\"}"],"1442664653826_size":["one"],"1442664688838_data":["{\"id\":\"1442664688838\",\"shortcode\":\"ppb_text\",\"ppb_text_title\":\"Text%20Content\",\"ppb_text_slug\":\"\",\"ppb_text_width\":\"70%25\",\"ppb_text_padding\":\"0\",\"ppb_text_bgcolor\":\"\",\"ppb_text_fontcolor\":\"\",\"ppb_text_custom_css\":\"\",\"ppb_text_content\":\"Sed%20ut%20perspiciatis%20unde%20omnis%20iste%20natus%20error%20sit%20voluptatem%20accusantium%20doloremque%20laudantium,%C2%A0totam%20rem%20aperiam,%20eaque%20ipsa%20quae%20ab%20illo%20inventore%20veritatis%20et%20quasi%20architecto%20beatae%20vitae%20dicta%20sunt%C2%A0explicabo.%20Nemo%20enim%20ipsam%20voluptatem%20quia%20voluptas%20sit%20aspernatur%20aut%20odit%20aut%20fugit.%20Vivamus%20at%20nibh%C2%A0bibendum%20ligula%20id.%0A%0ANemo%20enim%20ipsam%20voluptatem%20quiatotam%20rem%20aperiam,%20eaque%20ipsa%20quae%20ab%20illo%20inventore%C2%A0veritatis%20et%20quasi%20architecto%20beatae%20vitae%20dicta%20sunt%20explicabo.%20Nemo%20enim%20ipsam%20voluptatem%20quia%20voluptas%C2%A0sit%20aspernatur%20aut%20odit%20aut%20fugit.\"}"],"1442664688838_size":["one"],"1442664765573_data":["{\"id\":\"1442664765573\",\"shortcode\":\"ppb_image_fullwidth\",\"ppb_image_fullwidth_title\":\"Background%20Image\",\"ppb_image_fullwidth_slug\":\"\",\"ppb_image_fullwidth_image\":\"http:\/\/themes.themegoods.com\/photography\/demo1\/wp-content\/uploads\/2013\/07\/summer-summervibes-letsexplore-waterfalls.jpg\",\"ppb_image_fullwidth_height\":\"500\",\"ppb_image_fullwidth_background_position\":\"bottom\",\"ppb_image_fullwidth_display_caption\":\"0\",\"ppb_image_fullwidth_padding\":\"50\",\"ppb_image_fullwidth_custom_css\":\"\"}"],"1442664765573_size":["one"],"1442664883069_data":["{\"id\":\"1442664883069\",\"shortcode\":\"ppb_text\",\"ppb_text_title\":\"Text%20Content\",\"ppb_text_slug\":\"\",\"ppb_text_width\":\"70%25\",\"ppb_text_padding\":\"0\",\"ppb_text_bgcolor\":\"\",\"ppb_text_fontcolor\":\"\",\"ppb_text_custom_css\":\"\",\"ppb_text_content\":\"Sed%20ut%20perspiciatis%20unde%20omnis%20iste%20natus%20error%20sit%20voluptatem%20accusantium%20doloremque%20laudantium,%C2%A0totam%20rem%20aperiam,%20eaque%20ipsa%20quae%20ab%20illo%20inventore%20veritatis%20et%20quasi%20architecto%20beatae%20vitae%20dicta%20sunt%C2%A0explicabo.%20Nemo%20enim%20ipsam%20voluptatem%20quia%20voluptas%20sit%20aspernatur%20aut%20odit%20aut%20fugit.%20Vivamus%20at%20nibh%C2%A0bibendum%20ligula%20id.%20Nemo%20enim%20ipsam%20voluptatem%20quiatotam%20rem%20aperiam,%20eaque%20ipsa%20quae%20ab%20illo%20inventore%C2%A0veritatis%20et%20quasi%20architecto%20beatae%20vitae%20dicta%20sunt%20explicabo.%20Nemo%20enim%20ipsam%20voluptatem%20quia%20voluptas%C2%A0sit%20aspernatur%20aut%20odit%20aut%20fugit.%0A%3Cp%3E%0A%3Cbr\/%3E%0A%3Cimg%20src=%22http:\/\/themes.themegoods.com\/photography\/demo1\/wp-content\/uploads\/2015\/09\/signature.png%22%20alt=%22%22%20\/%3E%0A%3C\/p%3E\"}"],"1442664883069_size":["one"],"1442665018436_data":["{\"id\":\"1442665018436\",\"shortcode\":\"ppb_image_fullwidth\",\"ppb_image_fullwidth_title\":\"Background%20Image\",\"ppb_image_fullwidth_slug\":\"\",\"ppb_image_fullwidth_image\":\"http:\/\/themes.themegoods.com\/photography\/demo1\/wp-content\/uploads\/2015\/07\/thumb_lift.jpg\",\"ppb_image_fullwidth_height\":\"500\",\"ppb_image_fullwidth_background_position\":\"center\",\"ppb_image_fullwidth_display_caption\":\"0\",\"ppb_image_fullwidth_padding\":\"50\",\"ppb_image_fullwidth_custom_css\":\"\"}"],"1442665018436_size":["one"],"1442665097922_data":["{\"id\":\"1442665097922\",\"shortcode\":\"ppb_header\",\"ppb_header_title\":\"Our%20Ideas%20&%20Solution%20for%20Customer\",\"ppb_header_slug\":\"\",\"ppb_header_subtitle\":\"\",\"ppb_header_width\":\"100%25\",\"ppb_header_textalign\":\"left\",\"ppb_header_padding\":\"0\",\"ppb_header_bgcolor\":\"\",\"ppb_header_fontcolor\":\"\",\"ppb_header_custom_css\":\"padding-bottom:30px%20!important;\",\"ppb_header_content\":\"\"}"],"1442665097922_size":["one"],"1442665129073_data":["{\"id\":\"1442665129073\",\"shortcode\":\"ppb_text\",\"ppb_text_title\":\"Text%20Content\",\"ppb_text_slug\":\"\",\"ppb_text_width\":\"100%25\",\"ppb_text_padding\":\"0\",\"ppb_text_bgcolor\":\"\",\"ppb_text_fontcolor\":\"\",\"ppb_text_custom_css\":\"\",\"ppb_text_content\":\"Sed%20ut%20perspiciatis%20unde%20omnis%20iste%20natus%20error%20sit%20voluptatem%20accusantium%20doloremque%20laudantium,%20totam%20rem%20aperiam,%20eaque%20ipsa%20quae%20ab%20illo%20inventore%20veritatis%20et%20quasi%20architecto%20beatae%20vitae%20dicta%20sunt%20explicabo.%20Nemo%20enim%20ipsam%20voluptatem%20quia%20voluptas%20sit%20aspernatur%20aut%20odit%20aut%20fugit.%20Vivamus%20at%20nibh%20tincidunt,%20bibendum%20ligula%20id.%20Nemo%20enim%20ipsam%20voluptatem%20quiatotam%20rem%20aperiam,%20eaque%20ipsa%20quae%20ab%20illo%20inventore%20veritatis%20et%20quasi%20architecto%20beatae%20vitae%20dicta%20sunt%20explicabo.%20Nemo%20enim%20ipsam%20voluptatem%20quia%20voluptas%20sit%20aspernatur%20aut%20odit%20aut%20fugit.\"}"],"1442665129073_size":["one_third"],"1442665173995_data":["{\"id\":\"1442665173995\",\"shortcode\":\"ppb_text\",\"ppb_text_title\":\"Text%20Content\",\"ppb_text_slug\":\"\",\"ppb_text_width\":\"100%25\",\"ppb_text_padding\":\"0\",\"ppb_text_bgcolor\":\"\",\"ppb_text_fontcolor\":\"\",\"ppb_text_custom_css\":\"\",\"ppb_text_content\":\"Sed%20ut%20perspiciatis%20unde%20omnis%20iste%20natus%20error%20sit%20voluptatem%20accusantium%20doloremque%20laudantium,%20totam%20rem%20aperiam,%20eaque%20ipsa%20quae%20ab%20illo%20inventore%20veritatis%20et%20quasi%20architecto%20beatae%20vitae%20dicta%20sunt%20explicabo.%20Nemo%20enim%20ipsam%20voluptatem%20quia%20voluptas%20sit%20aspernatur%20aut%20odit%20aut%20fugit.%20Vivamus%20at%20nibh%20tincidunt,%20bibendum%20ligula%20id.%20Nemo%20enim%20ipsam%20voluptatem%20quiatotam%20rem%20aperiam,%20eaque%20ipsa%20quae%20ab%20illo%20inventore%20veritatis%20et%20quasi%20architecto%20beatae%20vitae%20dicta%20sunt%20explicabo.%20Nemo%20enim%20ipsam%20voluptatem%20quia%20voluptas%20sit%20aspernatur%20aut%20odit%20aut%20fugit.\"}"],"1442665173995_size":["one_third"],"1442665184044_data":["{\"id\":\"1442665184044\",\"shortcode\":\"ppb_text\",\"ppb_text_title\":\"Text%20Content\",\"ppb_text_slug\":\"\",\"ppb_text_width\":\"100%25\",\"ppb_text_padding\":\"0\",\"ppb_text_bgcolor\":\"\",\"ppb_text_fontcolor\":\"\",\"ppb_text_custom_css\":\"\",\"ppb_text_content\":\"Sed%20ut%20perspiciatis%20unde%20omnis%20iste%20natus%20error%20sit%20voluptatem%20accusantium%20doloremque%20laudantium,%20totam%20rem%20aperiam,%20eaque%20ipsa%20quae%20ab%20illo%20inventore%20veritatis%20et%20quasi%20architecto%20beatae%20vitae%20dicta%20sunt%20explicabo.%20Nemo%20enim%20ipsam%20voluptatem%20quia%20voluptas%20sit%20aspernatur%20aut%20odit%20aut%20fugit.%20Vivamus%20at%20nibh%20tincidunt,%20bibendum%20ligula%20id.%20Nemo%20enim%20ipsam%20voluptatem%20quiatotam%20rem%20aperiam,%20eaque%20ipsa%20quae%20ab%20illo%20inventore%20veritatis%20et%20quasi%20architecto%20beatae%20vitae%20dicta%20sunt%20explicabo.%20Nemo%20enim%20ipsam%20voluptatem%20quia%20voluptas%20sit%20aspernatur%20aut%20odit%20aut%20fugit.\"}"],"1442665184044_size":["one_third last"]}