{"ppb_form_data_order":["1442846533796,1435727004866,1442846672465,1442846694492,1442846767483,1442846868374,1442846893169,1442846905083"],"1442846533796_data":["{\"id\":\"1442846533796\",\"shortcode\":\"ppb_image_fixed_width\",\"ppb_image_fixed_width_title\":\"Cover%20Image\",\"ppb_image_fixed_width_slug\":\"\",\"ppb_image_fixed_width_image\":\"http:\/\/themes.themegoods.com\/photography\/demo1\/wp-content\/uploads\/2015\/06\/person-mountain-hiker-hiking.jpg\",\"ppb_image_fixed_width_display_caption\":\"0\",\"ppb_image_fixed_width_padding\":\"50\",\"ppb_image_fixed_width_bgcolor\":\"\",\"ppb_image_fixed_width_custom_css\":\"\"}"],"1442846533796_size":["one"],"1435727004866_data":["{\"id\":\"1435727004866\",\"shortcode\":\"ppb_header\",\"ppb_header_title\":\"The%20Castle\",\"ppb_header_slug\":\"\",\"ppb_header_subtitle\":\"Winter%20\/%20Nature%20\/%20Bokeh\",\"ppb_header_width\":\"60%25\",\"ppb_header_textalign\":\"center\",\"ppb_header_padding\":\"0\",\"ppb_header_bgcolor\":\"\",\"ppb_header_fontcolor\":\"\",\"ppb_header_custom_css\":\"padding-bottom:%200px%20!important;\",\"ppb_header_content\":\"A%20gray%20cat%20slinks%20past%20a%20wooden%20house.%3Cbr\/%3E%0AThere's%20something%20a%20little%20intimidating%20attempting%20to%20describe.\"}"],"1435727004866_size":["one"],"1442846672465_data":["{\"id\":\"1442846672465\",\"shortcode\":\"ppb_text\",\"ppb_text_title\":\"Text%20Content\",\"ppb_text_slug\":\"\",\"ppb_text_width\":\"100%25\",\"ppb_text_padding\":\"50\",\"ppb_text_bgcolor\":\"\",\"ppb_text_fontcolor\":\"\",\"ppb_text_custom_css\":\"\",\"ppb_text_content\":\"Nemo%20enim%20ipsam%20voluptatem%20quiatotam%20rem%20aperiam,%20eaque%20ipsa%20quae%20ab%20illo%20inventore%20veritatis%20et%20quasi%20architecto%20beatae%20vitae%20dicta%20sunt%20explicabo.%20Nemo%20enim%20ipsam%20voluptatem%20quia%20voluptas%20sit%20aspernatur%20aut%20odit%20aut%20fugit.%20Sed%20ut%20perspiciatis%20unde%20omnis%20iste%20natus%20error%20sit%20voluptatem%20accusantium%20doloremque%20laudantium,%20totam%20rem%20aperiam,%20eaque%20ipsa%20quae%20ab%20illo%20inventore%20veritatis%20et%20quasi%20architecto%20beatae%20vitae%20dicta%20sunt%20explicabo.%20Nemo%20enim%20ipsam%20voluptatem%20quia%20voluptas%20sit%20aspernatur%20aut%20odit%20aut%20fugit.%20Vivamus%20at%20nibh%20tincidunt,%20bibendum%20ligula%20id.%20Nemo%20enim%20ipsam%20voluptatem%20quiatotam%20rem%20aperiam,%20eaque%20ipsa%20quae%20ab%20illo%20inventore%20veritatis%20et%20quasi%20architecto%20beatae%20vitae%20dicta%20sunt%20explicabo.%20Nemo%20enim%20ipsam%20voluptatem%20quia%20voluptas%20sit%20aspernatur%20aut%20odit%20aut%20fugit.\"}"],"1442846672465_size":["one_half"],"1442846694492_data":["{\"id\":\"1442846694492\",\"shortcode\":\"ppb_text\",\"ppb_text_title\":\"Text%20Content\",\"ppb_text_slug\":\"\",\"ppb_text_width\":\"100%25\",\"ppb_text_padding\":\"50\",\"ppb_text_bgcolor\":\"\",\"ppb_text_fontcolor\":\"\",\"ppb_text_custom_css\":\"\",\"ppb_text_content\":\"Sed%20ut%20perspiciatis%20unde%20omnis%20iste%20natus%20error%20sit%20voluptatem%20accusantium%20doloremque%20laudantium,%20totam%20rem%20aperiam,%20eaque%20ipsa%20quae%20ab%20illo%20inventore%20veritatis%20et%20quasi%20architecto%20beatae%20vitae%20dicta%20sunt%20explicabo.%20Nemo%20enim%20ipsam%20voluptatem%20quia%20voluptas%20sit%20aspernatur%20aut%20odit%20aut%20fugit.%20Vivamus%20at%20nibh%20tincidunt,%20bibendum%20ligula%20id.%20Nemo%20enim%20ipsam%20voluptatem%20quiatotam%20rem%20aperiam,%20eaque%20ipsa%20quae%20ab%20illo%20inventore%20veritatis%20et%20quasi%20architecto%20beatae%20vitae%20dicta%20sunt%20explicabo.%20Nemo%20enim%20ipsam%20voluptatem%20quia%20voluptas%20sit%20aspernatur%20aut%20odit%20aut%20fugit.%20Nemo%20enim%20ipsam%20voluptatem%20quiatotam%20rem%20aperiam,%20eaque%20ipsa%20quae%20ab%20illo%20inventore%20veritatis%20et%20quasi%20architecto%20beatae%20vitae%20dicta%20sunt%20explicabo.%20Nemo%20enim%20ipsam%20voluptatem%20quia%20voluptas%20sit%20aspernatur%20aut%20odit%20aut%20fugit.\"}"],"1442846694492_size":["one_half last"],"1442846767483_data":["{\"id\":\"1442846767483\",\"shortcode\":\"ppb_image_parallax\",\"ppb_image_parallax_title\":\"Parallax\",\"ppb_image_parallax_slug\":\"\",\"ppb_image_parallax_image\":\"http:\/\/themes.themegoods.com\/photography\/demo1\/wp-content\/uploads\/2015\/07\/4575979c.jpg\",\"ppb_image_parallax_height\":\"500\",\"ppb_image_parallax_custom_css\":\"\"}"],"1442846767483_size":["one"],"1442846868374_data":["{\"id\":\"1442846868374\",\"shortcode\":\"ppb_header\",\"ppb_header_title\":\"\",\"ppb_header_slug\":\"\",\"ppb_header_subtitle\":\"\",\"ppb_header_width\":\"100%25\",\"ppb_header_textalign\":\"left\",\"ppb_header_padding\":\"50\",\"ppb_header_bgcolor\":\"\",\"ppb_header_fontcolor\":\"\",\"ppb_header_custom_css\":\"\",\"ppb_header_content\":\"%3Cblockquote%3E%0A%3Cp%3EDesign%20is%20not%20just%20what%20it%20looks%20like%20and%20feels%20like.%20Design%20is%20how%20it%20works.%3C\/p%3E%0A%3C\/blockquote%3E\"}"],"1442846868374_size":["one_third"],"1442846893169_data":["{\"id\":\"1442846893169\",\"shortcode\":\"ppb_text\",\"ppb_text_title\":\"Text%20Content\",\"ppb_text_slug\":\"\",\"ppb_text_width\":\"100%25\",\"ppb_text_padding\":\"50\",\"ppb_text_bgcolor\":\"\",\"ppb_text_fontcolor\":\"\",\"ppb_text_custom_css\":\"\",\"ppb_text_content\":\"Sed%20ut%20perspiciatis%20unde%20omnis%20iste%20natus%20error%20sit%20voluptatem%20accusantium%20doloremque%20laudantium,%20totam%20rem%20aperiam,%20eaque%20ipsa%20quae%20ab%20illo%20inventore%20veritatis%20et%20quasi%20architecto%20beatae%20vitae%20dicta%20sunt%20explicabo.%20Nemo%20enim%20ipsam%20voluptatem%20quia%20voluptas%20sit%20aspernatur%20aut%20odit%20aut%20fugit.%20Vivamus%20at%20nibh%20tincidunt,%20bibendum%20ligula%20id.%20Nemo%20enim%20ipsam%20voluptatem%20quiatotam%20rem%20aperiam,%20eaque%20ipsa%20quae%20ab%20illo%20inventore%20veritatis%20et%20quasi%20architecto%20beatae%20vitae%20dicta%20sunt%20explicabo.%20Nemo%20enim%20ipsam%20voluptatem%20quia%20voluptas%20sit%20aspernatur%20aut%20odit%20aut%20fugit.\"}"],"1442846893169_size":["one_third"],"1442846905083_data":["{\"id\":\"1442846905083\",\"shortcode\":\"ppb_text\",\"ppb_text_title\":\"Text%20Content\",\"ppb_text_slug\":\"\",\"ppb_text_width\":\"100%25\",\"ppb_text_padding\":\"50\",\"ppb_text_bgcolor\":\"\",\"ppb_text_fontcolor\":\"\",\"ppb_text_custom_css\":\"\",\"ppb_text_content\":\"Sed%20ut%20perspiciatis%20unde%20omnis%20iste%20natus%20error%20sit%20voluptatem%20accusantium%20doloremque%20laudantium,%20totam%20rem%20aperiam,%20eaque%20ipsa%20quae%20ab%20illo%20inventore%20veritatis%20et%20quasi%20architecto%20beatae%20vitae%20dicta%20sunt%20explicabo.%20Nemo%20enim%20ipsam%20voluptatem%20quia%20voluptas%20sit%20aspernatur%20aut%20odit%20aut%20fugit.%20Vivamus%20at%20nibh%20tincidunt,%20bibendum%20ligula%20id.%20Nemo%20enim%20ipsam%20voluptatem%20quiatotam%20rem%20aperiam,%20eaque%20ipsa%20quae%20ab%20illo%20inventore%20veritatis%20et%20quasi%20architecto%20beatae%20vitae%20dicta%20sunt%20explicabo.%20Nemo%20enim%20ipsam%20voluptatem%20quia%20voluptas%20sit%20aspernatur%20aut%20odit%20aut%20fugit.\"}"],"1442846905083_size":["one_third last"]}