{"ppb_form_data_order":["1443619433066,1443688101640,1443688479249,1443688670422,1443688737281,1443689438476,1443689496467,1443690595037,1443690763203,1443691279102,1443691324608"],"1443619433066_data":["{\"id\":\"1443619433066\",\"shortcode\":\"ppb_revslider\",\"ppb_revslider_title\":\"Slider\",\"ppb_revslider_slug\":\"\",\"ppb_revslider_slider_id\":\"home-8-slider\",\"ppb_revslider_display\":\"normal\"}"],"1443619433066_size":["one"],"1443688101640_data":["{\"id\":\"1443688101640\",\"shortcode\":\"ppb_image_half_fullwidth\",\"ppb_image_half_fullwidth_title\":\"Paris%20In%20Memories\",\"ppb_image_half_fullwidth_slug\":\"\",\"ppb_image_half_fullwidth_subtitle\":\"Model%20\/%20Architecture\",\"ppb_image_half_fullwidth_image\":\"http:\/\/themes.themegoods.com\/photography\/demo1\/wp-content\/uploads\/2015\/09\/cars-france-landmark-lights.jpg\",\"ppb_image_half_fullwidth_height\":\"700\",\"ppb_image_half_fullwidth_align\":\"left\",\"ppb_image_half_fullwidth_padding\":\"80\",\"ppb_image_half_fullwidth_bgcolor\":\"\",\"ppb_image_half_fullwidth_fontcolor\":\"\",\"ppb_image_half_fullwidth_custom_css\":\"\",\"ppb_image_half_fullwidth_content\":\"%3Cdiv%20class=%22ppb_header_content%22%3E%3Cp%3EA%20gray%20cat%20slinks%20past%20a%20wooden%20house.%3Cbr\/%3EThere%E2%80%99s%20something%20a%20little%20intimidating%3Cbr\/%3Eattempting%20to%20describe%3C\/p%3E%0A%3C\/div%3E%0A%3Cdiv%20style=%22margin-top:20px%22%3E%0A%3Cp%3E%0ASed%20ut%20perspiciatis%20unde%20omnis%20iste%20natus%20error%20sit%20voluptatem%20accusantium%20doloremque%20laudantium,%20totam%20rem%20aperiam,%20eaque%20ipsa%20quae%20ab%20illo%20inventore%20veritatis%20et%20quasi%20architecto%20beatae%20vitae%20dicta%20sunt%20explicabo.%20Nemo%20enim%20ipsam%20voluptatem%20quia%20voluptas%20sit%20aspernatur%20aut%20odit%20aut%20fugit.%20Vivamus%20at%20nibh%20tincidunt,%20bibendum%20ligula%20id.%20Nemo%20enim%20ipsam%20voluptatem%20quiatotam%20rem%20aperiam,%20eaque%20ipsa%20quae%20ab%20illo%20inventore%20veritatis%20et%20quasi%20architecto%20beatae%20vitae%20dicta%20sunt%20explicabo.%0A%3C\/p%3E%0A%3C\/div%3E%0A%3Cdiv%20style=%22margin-top:30px%22%3E%0A%3Ca%20href=%22http:\/\/themes.themegoods.com\/photography\/demo1\/galleries\/fullscreen-gallery-cover\/%22%20class=%22button%20ghost%22%3EView%20Gallery%3C\/a%3E%0A%3C\/div%3E\"}"],"1443688101640_size":["one"],"1443688479249_data":["{\"id\":\"1443688479249\",\"shortcode\":\"ppb_image_half_fullwidth\",\"ppb_image_half_fullwidth_title\":\"Travel%20&%20Lifestyle\",\"ppb_image_half_fullwidth_slug\":\"\",\"ppb_image_half_fullwidth_subtitle\":\"20%20high%20quality%20images\",\"ppb_image_half_fullwidth_image\":\"http:\/\/themes.themegoods.com\/photography\/demo1\/wp-content\/uploads\/2015\/09\/team_thumb_three.jpg\",\"ppb_image_half_fullwidth_height\":\"700\",\"ppb_image_half_fullwidth_align\":\"right\",\"ppb_image_half_fullwidth_padding\":\"80\",\"ppb_image_half_fullwidth_bgcolor\":\"#222222\",\"ppb_image_half_fullwidth_fontcolor\":\"#ffffff\",\"ppb_image_half_fullwidth_custom_css\":\"\",\"ppb_image_half_fullwidth_content\":\"%3Cdiv%20class=%22ppb_header_content%22%3E%3Cp%3EA%20gray%20cat%20slinks%20past%20a%20wooden%20house.%3Cbr\/%3EThere%E2%80%99s%20something%20a%20little%20intimidating%3Cbr\/%3Eattempting%20to%20describe%3C\/p%3E%0A%3C\/div%3E%0A%3Cdiv%20style=%22margin-top:20px%22%3E%0A%3Cp%3E%0ASed%20ut%20perspiciatis%20unde%20omnis%20iste%20natus%20error%20sit%20voluptatem%20accusantium%20doloremque%20laudantium,%20totam%20rem%20aperiam,%20eaque%20ipsa%20quae%20ab%20illo%20inventore%20veritatis%20et%20quasi%20architecto%20beatae%20vitae%20dicta%20sunt%20explicabo.%20Nemo%20enim%20ipsam%20voluptatem%20quia%20voluptas%20sit%20aspernatur%20aut%20odit%20aut%20fugit.%20Vivamus%20at%20nibh%20tincidunt,%20bibendum%20ligula%20id.%20Nemo%20enim%20ipsam%20voluptatem%20quiatotam%20rem%20aperiam,%20eaque%20ipsa%20quae%20ab%20illo%20inventore%20veritatis%20et%20quasi%20architecto%20beatae%20vitae%20dicta%20sunt%20explicabo.%0A%3C\/p%3E%0A%3C\/div%3E%0A%3Cdiv%20style=%22margin-top:30px%22%3E%0A%3Ca%20href=%22http:\/\/themes.themegoods.com\/photography\/demo1\/galleries\/fullscreen-gallery-cover\/%22%20class=%22button%20ghost%20white%22%3EView%20Gallery%3C\/a%3E%0A%3C\/div%3E\"}"],"1443688479249_size":["one"],"1443688670422_data":["{\"id\":\"1443688670422\",\"shortcode\":\"ppb_header\",\"ppb_header_title\":\"We%20are%20world%20class%20team%20building%20wonderful%20products\",\"ppb_header_slug\":\"\",\"ppb_header_subtitle\":\"\",\"ppb_header_width\":\"70%25\",\"ppb_header_textalign\":\"center\",\"ppb_header_padding\":\"50\",\"ppb_header_bgcolor\":\"\",\"ppb_header_fontcolor\":\"\",\"ppb_header_custom_css\":\"padding-bottom:0%20!important;\",\"ppb_header_content\":\"A%20gray%20cat%20slinks%20past%20a%20wooden%20house.%20%0AThere%E2%80%99s%20something%20a%20little%20intimidating%20attempting%20to%20describe.%0A%3Cp%3E%C2%A0%3C\/p%3E%0A%3Cimg%20src=%22http:\/\/themes.themegoods.com\/photography\/demo1\/wp-content\/uploads\/2015\/09\/signature.png%22%20alt=%22%22%20\/%3E\"}"],"1443688670422_size":["one"],"1443688737281_data":["{\"id\":\"1443688737281\",\"shortcode\":\"ppb_text\",\"ppb_text_title\":\"Text%20Content\",\"ppb_text_slug\":\"\",\"ppb_text_width\":\"100%25\",\"ppb_text_padding\":\"50\",\"ppb_text_bgcolor\":\"\",\"ppb_text_fontcolor\":\"\",\"ppb_text_custom_css\":\"\",\"ppb_text_content\":\"%3Cimg%20src=%22http:\/\/themes.themegoods.com\/photography\/demo1\/wp-content\/uploads\/2015\/06\/person-woman-hand-smartphone-960x636.jpg%22%20alt=%22%22%20\/%3E%3Cbr\/%3E%0A%3Ch5%3EWeb%20Design%3C\/h5%3E%0ASed%20ut%20perspiciatis%20unde%20omnis%20iste%20natus%20error%20sit%20voluptatem%20accusantium%20doloremque%20laudantium,%20totam%20rem%20aperiam,%20eaque%20ipsa%20quae%20ab%20illo%20inventore%20%20veritatis%20et%20quasi%20architecto%20beatae%20vitae%20dicta.\"}"],"1443688737281_size":["one_third"],"1443689438476_data":["{\"id\":\"1443689438476\",\"shortcode\":\"ppb_text\",\"ppb_text_title\":\"Text%20Content\",\"ppb_text_slug\":\"\",\"ppb_text_width\":\"100%25\",\"ppb_text_padding\":\"50\",\"ppb_text_bgcolor\":\"\",\"ppb_text_fontcolor\":\"\",\"ppb_text_custom_css\":\"\",\"ppb_text_content\":\"%3Cimg%20src=%22http:\/\/themes.themegoods.com\/photography\/demo1\/wp-content\/uploads\/2015\/07\/people-woman-coffee-meeting-960x636.jpg%22%20alt=%22%22%20\/%3E%3Cbr\/%3E%0A%3Ch5%3EAwesome%20Support%3C\/h5%3E%0ASed%20ut%20perspiciatis%20unde%20omnis%20iste%20natus%20error%20sit%20voluptatem%20accusantium%20doloremque%20laudantium,%20totam%20rem%20aperiam,%20eaque%20ipsa%20quae%20ab%20illo%20inventore%20%20veritatis%20et%20quasi%20architecto%20beatae%20vitae%20dicta.\"}"],"1443689438476_size":["one_third"],"1443689496467_data":["{\"id\":\"1443689496467\",\"shortcode\":\"ppb_text\",\"ppb_text_title\":\"Text%20Content\",\"ppb_text_slug\":\"\",\"ppb_text_width\":\"100%25\",\"ppb_text_padding\":\"50\",\"ppb_text_bgcolor\":\"\",\"ppb_text_fontcolor\":\"\",\"ppb_text_custom_css\":\"\",\"ppb_text_content\":\"%3Cimg%20src=%22http:\/\/themes.themegoods.com\/photography\/demo1\/wp-content\/uploads\/2015\/06\/camera-photography-vintage-photo-960x636.jpg%22%20alt=%22%22%20\/%3E%3Cbr\/%3E%0A%3Ch5%3EHigh%20Quality%20Products%3C\/h5%3E%0ASed%20ut%20perspiciatis%20unde%20omnis%20iste%20natus%20error%20sit%20voluptatem%20accusantium%20doloremque%20laudantium,%20totam%20rem%20aperiam,%20eaque%20ipsa%20quae%20ab%20illo%20inventore%20%20veritatis%20et%20quasi%20architecto%20beatae%20vitae%20dicta.\"}"],"1443689496467_size":["one_third last"],"1443690595037_data":["{\"id\":\"1443690595037\",\"shortcode\":\"ppb_image_poppup\",\"ppb_image_poppup_title\":\"We%20hand-craft%20create%20design%20&%20layout%20for%20photographer\",\"ppb_image_poppup_slug\":\"\",\"ppb_image_poppup_subtitle\":\"\",\"ppb_image_poppup_layout\":\"wide\",\"ppb_image_poppup_background\":\"http:\/\/themes.themegoods.com\/photography\/demo1\/wp-content\/uploads\/2015\/07\/people-woman-coffee-meeting.jpg\",\"ppb_image_poppup_background_position\":\"center\",\"ppb_image_poppup_textalign\":\"center\",\"ppb_image_poppup_padding\":\"100\",\"ppb_image_poppup_bgcolor\":\"\",\"ppb_image_poppup_fontcolor\":\"\",\"ppb_image_poppup_custom_css\":\"\",\"ppb_image_poppup_content\":\"A%20gray%20cat%20slinks%20past%20a%20wooden%20house.%20%0AThere's%20something%20a%20little%20intimidating%20attempting%20to%20describe%0A%3Cp%3E%C2%A0%3C\/p%3E%0A%3Ca%20href=%22http:\/\/themes.themegoods.com\/photography\/demo1\/pages\/contact-us-2\/%22%20class=%22button%22%3EContact%20Us%3C\/a%3E\"}"],"1443690595037_size":["one"],"1443690763203_data":["{\"id\":\"1443690763203\",\"shortcode\":\"ppb_header\",\"ppb_header_title\":\"We%20create%20unique%20shots\",\"ppb_header_slug\":\"\",\"ppb_header_subtitle\":\"\",\"ppb_header_width\":\"70%25\",\"ppb_header_textalign\":\"center\",\"ppb_header_padding\":\"50\",\"ppb_header_bgcolor\":\"\",\"ppb_header_fontcolor\":\"\",\"ppb_header_custom_css\":\"\",\"ppb_header_content\":\"Sed%20ut%20perspiciatis%20unde%20omnis%20iste%20natus%20error%20sit%20voluptatem%20accusantium%0Adoloremque%20laudantium,%20totam%20rem%20aperiam,%20eaque%20ipsa%20quae%20ab%20illo%20inventore%20veritatis%20et%20quasi%0Aarchitecto%20beatae%20vitae%20dicta%20sunt%20explicabo.%20Nemo%20enim%20ipsam%20voluptatem%20quia%20voluptas\"}"],"1443690763203_size":["one"],"1443691279102_data":["{\"id\":\"1443691279102\",\"shortcode\":\"ppb_gallery_archive\",\"ppb_gallery_archive_title\":\"Galleries\",\"ppb_gallery_archive_slug\":\"\",\"ppb_gallery_archive_cat\":\"gallery-archive\",\"ppb_gallery_archive_items\":\"4\",\"ppb_gallery_archive_layout\":\"wide\",\"ppb_gallery_archive_columns\":\"4\",\"ppb_gallery_archive_custom_css\":\"\"}"],"1443691279102_size":["one"],"1443691324608_data":["{\"id\":\"1443691324608\",\"shortcode\":\"ppb_fullwidth_button\",\"ppb_fullwidth_button_title\":\"Purchase%20Photography%20Theme%20Now%20Only%20$59\",\"ppb_fullwidth_button_slug\":\"\",\"ppb_fullwidth_button_padding\":\"50\",\"ppb_fullwidth_button_bgcolor\":\"#222222\",\"ppb_fullwidth_button_fontcolor\":\"#ffffff\",\"ppb_fullwidth_button_button_text\":\"Purchase%20Now\",\"ppb_fullwidth_button_link_url\":\"#\",\"ppb_fullwidth_button_button_bgcolor\":\"#959595\",\"ppb_fullwidth_button_button_fontcolor\":\"#ffffff\"}"],"1443691324608_size":["one"]}